종목코드,종목명,주소,설립일,대표자,전화번호,홈페이지
95570,AJ네트웍스,서울시 송파구 정의로 8길 9 (AJ빌딩),2000-02-10,곽정호,02-6240-0800,http://www.ajnetworks.co.kr
6840,AK홀딩스,서울시 마포구 양화로 188(동교동),1970-10-13,"고준, 채형석 (각자 대표)",02-6923-2921,http://www.aekyunggroup.co.kr
27410,BGF,서울시 강남구 테헤란로 405(삼성동),1994-12-01,홍정국,,http://www.bgf.co.kr
282330,BGF리테일,서울시 강남구 테헤란로 405 BGF사옥,2017-11-01,민승배,02-528-6829,http://www.bgfretail.com
138930,BNK금융지주,부산시 남구 문현금융로 30 (문현동),2011-03-15,빈대인,051-620-3000,http://www.bnkfg.com
1460,BYC,서울특별시 영등포구 디지털로38길 27 (주)비와이씨,1955-05-13,김 대 환,02-840-3114,http://home.byc.co.kr
1040,CJ,서울시 중구 동호로 330 CJ제일제당센터,1953-08-01,"손경식, 김홍기",02-726-8114,http://www.cj.net
79160,CJ CGV,서울시 용산구 한강대로23길 55 아이파크몰 6층(한강로동),1999-03-31,정종민,02-371-6660,http://www.cgv.co.kr
120,CJ대한통운,서울특별시 종로구 종로5길 7(청진동) Tower 8,1930-11-15,"신영수, 민영학 (각자 대표)",02-3782-0114,http://www.cjlogistics.com
11150,CJ씨푸드,경기도 성남시 중원구 둔촌대로388번길 32,1976-03-15,임항순,031-730-9114,http://www.cjseafood.net
97950,CJ제일제당,서울시 중구 동호로 330 CJ제일제당센터,2007-09-01,"손경식,강신호(각자 대표)",02-6740-1454,http://www.cj.co.kr
480,시알홀딩스,전라남도 광양시 산업로 55 본관 3층,1947-05-15,강문수,061-798-8114,http://www.chosunref.co.kr
590,CS홀딩스,경북 포항시 남구 괴동로 43 (장흥동),1949-01-12,장원영,02-3459-9363,http://www.chosunwelding.com
12030,DB,"서울시 강남구 삼성로 96길 23, 7층",1977-03-15,"문덕식,강운식",02-2136-6000,http://www.dbinc.co.kr
16610,DB증권,서울시 영등포구 국제금융로 8길 32 DB금융투자빌딩,1982-12-20,곽봉석,02-369-3000,http://www.db-fi.com
5830,DB손해보험,서울시 강남구 테헤란로 432 DB금융센터,1968-11-01,"김정남, 정종표",,http://www.idbins.com
990,DB하이텍,경기도 부천시 수도로 90,1953-04-28,조기석,032-680-4700,http://www.dbhitek.com
139130,iM금융지주,대구시 북구 옥산로 111 대구은행 제2본점 9층,2011-05-17,황병우,053-740-7900,http://www.dgbfg.co.kr
300,DH오토넥스,전북특별자치도 김제시 용지면 용지로 55 김제(본사),1967-12-30,최준용,031-737-7000,http://www.dayouplus.co.kr
1530,디아이동일,"서울시 강남구 테헤란로 516, 정헌빌딩 8층",1955-08-05,"서태원, 손재선",02-2222-3071,http://www.dong-il.com
210,DL,서울특별시 종로구 통일로 134,1939-10-10,김종현,02-2011-7114,http://www.dlholdings.co.kr
375500,DL이앤씨,서울특별시 종로구 통일로 134,2021-01-04,박상신,02-2011-7114,http://www.dlenc.co.kr
7340,DN오토모티브,경상남도 양산시 산막공단북11길 103,1971-06-23,김상헌 김인환,055-380-5800,http://www.dnautomotive.com
4840,DRB동일,부산시 금정구 공단동로 55번길 28,1945-09-30,류영식,051-520-9000,http://www.drbworld.com
155660,DSR,부산시 강서구 녹산산업중로 192번길 7,1965-04-01,홍석빈,051-979-0500,http://www.dsr.com
69730,DSR제강,전남 순천시 서면 산단1길 15,1971-09-01,"홍하종, 홍석빈 (각자 대표)",061-729-3500,http://www.dsr.com
17860,DS단석,경기도 시흥시 협력로 165 (정왕동),1984-07-01,"한승욱, 김종완",031-488-0721,http://www.dsdansuk.com
17940,E1,"서울시 강남구 영동대로 517, 아셈타워 13,14층",1984-09-06,"구자용, 천정식 (각자 대표이사)",02-3441-4114,http://www.e1.co.kr
365550,ESR켄달스퀘어리츠,"서울특별시 영등포구 국제금융로 10 (여의도동, 서울국제금융센터) 35층",2020-02-20,조주현,02-6205-0467,http://www.esrks-reit.com
383220,F&F,서울특별시 강남구 테헤란로8길 8 -,2021-05-03,김창수,02-520-0027,http://www.fnf.co.kr
7700,F&F 홀딩스,서울특별시 강남구 테헤란로8길 8 센터포인트강남,1972-02-24,박의헌,02-520-0001,http://www.fnfholdings.com
114090,GKL,서울시 강남구 삼성로 610 GKL,2005-09-06,윤두현,02-3466-6209,http://www.grandkorea.com
78930,GS,"서울시 강남구 논현로 508, GS타워 23층",2004-07-01,"허태수, 홍순기 (각자 대표이사)",02-2005-1114,http://www.gs.co.kr
6360,GS건설,서울시 종로구 종로33 그랑서울,1969-12-19,"허창수, 허윤홍(각자 대표)",02-2154-1112,http://www.gsenc.com
1250,GS글로벌,"서울시 강남구 논현로 508, GS타워 10층",1954-07-31,이영환,02-2005-5300,http://www.gsgcorp.com
7070,GS리테일,서울시 강남구 논현로 508 GS타워(역삼동 679),1971-02-13,허서홍,02-2005-1114,http://www.gsretail.com
499790,GS피앤엘,"서울특별시 강남구 논현로 508, GS타워",2024-12-02,김원식,02-2006-3803,http://www.gspnl.com
12630,HDC,서울특별시 종로구 경희궁1가길 9 -,1977-10-14,"정몽규, 김회언 (각자 대표)",02-2008-9114,http://www.hdc-holdings.com
39570,HDC랩스,서울특별시 서초구 효령로 346 서초 HDC랩스 타워,1999-09-17,김성은,031-785-1711,http://www.hdc-labs.com
89470,HDC현대EP,충남 당진시 석문면 대호만로 1221-32,2000-01-15,정 원 섭,041-350-0500,http://www.hdc-hyundaiep.com
294870,HDC현대산업개발,서울시 용산구 한강대로23길 55 현대아이파크몰 9층,2018-05-02,"정경구, 조태제(각자 대표)",02-2008-9114,http://www.hdc-dvp.com
9540,HD한국조선해양,"경기도 성남시 분당구 분당수서로 477 정자동, HD현대그룹 글로벌 R&amp;D센터",1973-12-28,"정기선, 김성준 (각자 대표)",,http://www.hdksoe.co.kr
267250,HD현대,경기도 성남시 분당구 분당수서로 477 HD현대 글로벌 R&amp;D센터,2017-04-03,"권오갑, 정기선",,http://www.hdhyundai.co.kr
267270,HD현대건설기계,"경기도 성남시 분당구 분당수서로 477 11층(정자동, HD현대그룹 글로벌 R&amp;D센터)",2017-04-01,최철곤,031-8006-6000,http://www.hd-hyundaice.com
443060,HD현대마린솔루션,경기도 성남시 분당구 분당수서로 477 경기도 성남시 분당구 분당수서로 477,2016-11-28,이기동,02-479-9500,http://www.hd-marinesolution.com
71970,HD현대마린엔진,경상남도 창원시 성산구 적현로 222 STX중공업,2001-06-15,강영,055-280-0700,http://www.stxhi.co.kr
10620,HD현대미포,울산시 동구 방어진순환도로 100 (주)현대미포조선,1975-04-28,김형관,052-250-3114,http://www.hmd.co.kr
322000,HD현대에너지솔루션,"경기도 성남시 분당구 분당수서로 477 9층(정자동, HD현대그룹 글로벌 R&amp;D센터)",2016-12-21,박종환,02-1522-5001,http://www.hd-hyundaies.co.kr
42670,HD현대인프라코어,인천시 동구 인중로 489 (화수동),2000-10-23,"조영철, 오승현",032-211-1114,http://www.hd-infracore.com
267260,HD현대일렉트릭,경기도 성남시 분당구 분당수서로 477 HD현대 글로벌 R&amp;D센터,2017-04-01,김영기,031-210-9200,http://www.hd-hyundaielectric.com
329180,HD현대중공업,울산광역시 동구 방어진순환도로 1000,2019-06-03,"이상균, 노진율 (각자 대표)",052-202-2114,http://www.hhi.co.kr
97230,HJ중공업,부산시 영도구 태종로 233,2007-08-03,"김완석, 유상철",051-410-3114,http://www.hjsc.co.kr
14790,HL D&I,서울시 송파구 올림픽로 289 (신천동),1980-05-02,홍석화,02-3434-5114,http://www.hldni.com
3580,HLB글로벌,강원도 정선군 사북읍 소금강로 3583-1 1층 101호(하이시티1),1962-09-24,김광재,02-6925-4450,http://www.hlbglobal.co.kr
204320,HL만도,경기도 평택시 포승읍 하만호길 32,2014-09-02,"조성현, 김현욱 (각자대표)",031-680-6114,http://www.mando.com
60980,HL홀딩스,경기도 용인시 기흥구 기흥단지로 46,1999-11-27,"김광헌, 김준범",031-280-4640,http://www.halla.com
11200,HMM,"서울특별시 영등포구 여의대로 108 (여의도동, 파크원 타워1)",1976-03-25,최원혁,02-3706-5114,http://www.hmm21.com
35000,HS애드,서울시 마포구 마포대로 155 LG마포빌딩 15층,1984-05-31,박애리,02-705-2173,http://www.hsad.co.kr
2460,HS화성,대구시 수성구 동대구로 111,1958-09-01,"이종원,임기영",053-767-2111,http://www.hwasung.com
487570,HS효성,서울특별시 마포구 마포대로 119 (공덕동),2024-07-01,"조현상, 안성훈",02-707-7000,http://www.hshyosung.com
298050,HS효성첨단소재,서울시 마포구 마포대로 119,2018-06-04,"임진달, 성낙양(각자 대표이사)",02-707-7000,http://www.hshyosungadvancedmaterials.com
3560,아이에이치큐,서울특별시 강서구 강서로 501-8 6층,1962-08-24,오준,02-6005-6000,http://www.ihq.co.kr
175330,JB금융지주,전북 전주시 덕진구 백제대로 566(금암동 669-2),2013-07-01,김기홍,02-2128-2784,http://www.jbfg.com
234080,JW생명과학,충남 당진시 송악읍 한진1길 28,1994-05-21,노정열,041-351-7600,http://www.jw-lifescience.co.kr
1060,JW중외제약,경기도 과천시 과천대로7길 38 -,1945-08-08,대표 신영섭,02-840-6777,http://www.jw-pharma.co.kr
96760,JW홀딩스,경기도 과천시 과천대로7길 38 -,2007-07-03,"이경하, 차성남",02-840-6777,http://www.jw-holdings.co.kr
105560,KB금융,"서울시 영등포구 국제금융로8길 26 (여의도동, 국민은행 여의도본점)",2008-09-29,양종희,02-2073-7114,http://www.kbfg.com
415640,KB발해인프라,"서울특별시 영등포구 국제금융로 10 40층, 41층",2006-01-24,KB자산운용주식회사,02-2167-5689,
432320,KB스타리츠,"서울특별시 영등포구 국제금융로 10 41층(여의도동, 쓰리아이에프씨)",2022-02-08,신명재,02-2163-8403,http://www.kbstarreit.com
2380,케이씨씨,서울시 서초구 사평대로 344,1958-08-12,"정몽진, 정재훈",02-3480-5000,http://www.kccworld.co.kr
344820,케이씨씨글라스,서울특별시 서초구 강남대로 587(잠원동),2020-01-02,"정몽익, 변종오(각자대표)",,http://www.kccglass.co.kr
9070,케이씨티시,서울특별시 중구 남대문로63(소공동)한진빌딩 22층,1973-07-20,류주환,02-310-0700,http://www.kctc.co.kr
9440,KC그린홀딩스,서울시 마포구 상암산로 34 디지털큐브 12층,1973-11-27,이태영,02-320-6114,http://www.kcgreenholdings.com
119650,KC코트렐,서울시 마포구 상암산로 34 디지털큐브 12층,2010-01-06,박기서,02-320-6114,http://www.kc-cottrell.com
92220,KEC,서울시 서초구 마방로 10길 5,2006-09-12,배석홍,02-2025-5000,http://www.keccorp.com
3620,KG모빌리티,경기도 평택시 동삭로 455-12(칠괴동),1962-12-06,"곽재선, 황기영, 박장호(각자대표)",031-610-1114,http://www.kg-mobility.com
16380,KG스틸,"서울특별시 중구 통일로 92 케이지타워 서울 중구 순화동 1-170, 케이지타워, 5층",1982-10-27,박성희,02-3450-8114,http://www.KG-STEEL.CO.KR
1390,KG케미칼,울산시 울주군 온산읍 당월로 322,1954-12-31,"곽정현, 김재익",052-231-1842,http://www.kgchem.co.kr
33180,KH 필룩스,경기도 양주시 광적면 광적로 235-48,1983-12-01,배보성,070-7780-8000,http://www.feelux.com
15590,KIB플러그에너지,울산시 남구 처용로 260-37 (부곡동 125-2),1981-09-30,"김선기, 백승륜",052-278-9000,http://www.kibplugenergy.com
1940,KISCO홀딩스,경남 창원시 성산구 공단로103번길 12,1957-02-19,"장세홍, 이병제",055-260-0500,http://www.kiscoholdings.co.kr
25000,KPX케미칼,서울시 마포구 마포대로 137 KPX빌딩 17층,1974-07-01,"양준영, 박승구, 이찬수(각자대표)",02-2014-4000,http://www.kpxchemical.com
92230,KPX홀딩스,서울시 마포구 마포대로 137  KPX빌딩 19층,2006-09-01,양준영,02-2014-4150,http://www.kpxholdings.com
40,KR모터스,경남 창원시 성산구 완암로 28 (성산동),1917-09-17,노성석,055-282-7011,http://www.krmotors.com
44450,KSS해운,서울시 종로구 인사동길 12 대일빌딩 8층,1984-06-27,박찬도,02-3702-2700,http://www.kssline.com
30200,케이티,경기도 성남시 분당구 불정로 90 (정자동),1981-12-10,김영섭,070-4193-4036,http://www.kt.com
33780,케이티앤지,대전시 대덕구 벚꽃길 71,1987-04-01,방경만,042-939-5000,http://www.ktng.com
58850,KTcs,대전시 서구 갈마로 160 (괴정동),2001-07-02,지정용,042-604-5138,http://www.ktcs.co.kr
58860,KTis,"서울시 영등포구 여의대로 14, KT빌딩 10층",2001-06-27,이선주,02-3215-2054,http://www.ktis.co.kr
93050,LF,서울시 강남구 언주로 870 (신사동),2006-11-03,"오규식, 김상균 (각자 대표이사)",02-3441-8114,http://www.lfcorp.com
3550,LG,서울시 영등포구 여의대로 128  LG트윈타워,1947-01-05,"구광모, 권봉석",02-3773-1114,http://www.lg.co.kr
34220,LG디스플레이,서울시 영등포구 여의대로 128 LG트윈타워 동관 12층,1985-02-27,정철동,02-3777-1010,http://www.lgdisplay.com
51900,LG생활건강,서울시 종로구 새문안로 58,2001-04-03,이정애,02-3774-1114,http://www.lghnh.com:984/
64400,LG씨엔에스,서울특별시 강서구 마곡중앙8로 71,1987-01-14,현신균,02-3773-1114,http://www.lgcns.com
373220,LG에너지솔루션,"서울특별시 영등포구 여의대로 108 타워1 (여의도동, 파크원)",2020-12-01,김동명,02-3777-1114,http://www.lgensol.com
32640,LG유플러스,서울시 용산구 한강대로 32 LG유플러스 용산사옥,1997-07-11,홍범식,02-3773-1114,http://www.lguplus.com
11070,LG이노텍,서울특별시 강서구 마곡중앙10로 30 LG사이언스파크,1976-02-24,문혁수,02-3777-1114,http://www.lginnotek.com
66570,LG전자,서울시 영등포구 여의대로 128 LG트윈타워,2002-04-01,조주완,02-3777-3432,http://www.lge.co.kr
37560,LG헬로비전,"서울시 마포구 월드컵북로56길 19, 6층(상암동, 드림타워)",1995-03-31,송구영,02-1855-1000,http://www.cjhello.com
51910,LG화학,"서울시 영등포구 여의대로 128, LG트윈타워빌딩",2001-04-01,신학철,02-3777-1114,http://www.lgchem.com
79550,LIG넥스원,경기도 용인시 기흥구 마북로 207,1998-02-25,신익현,,http://www.lignex1.com
6260,LS,서울시 용산구 한강대로 92 LS용산타워,1969-10-25,명노현,02-2189-9754,http://www.lsholdings.com
10120,엘에스일렉트릭,경기도 안양시 동안구 엘에스로 127 LS타워,1974-07-24,"구자균, 채대석",02-2034-4237,http://www.ls-electric.com
680,LS네트웍스,"경남 김해시 호계로 428 1층 (부원동, LS네트웍스빌딩)",1949-12-21,문성준,02-799-7114,http://www.lsnetworks.co.kr
229640,LS에코에너지,"강원특별자치도 동해시 대동로 215 (송정동, 1686)",2015-05-15,이상호,02-2189-8974,http://www.lsecoenergy.com
108320,LX세미콘,대전시 유성구 테크노2로 222(탑립동),1999-11-11,이윤태,042-712-7700,http://www.lxsemicon.com
1120,LX인터내셔널,서울특별시 종로구 새문안로 58 LG광화문빌딩,1953-11-26,윤춘성,02-6924-3114,http://www.lxinternational.co.kr
108670,LX하우시스,서울특별시 중구 후암로 98 LG서울역빌딩,2009-04-02,"노진서, 한주우",02-3777-1114,http://www.lghausys.co.kr
383800,LX홀딩스,서울특별시 종로구 새문안로 58 LG광화문빌딩,2021-05-03,"구본준, 노진서",02-3773-0452,http://www.lxholdings.co.kr
23150,MH에탄올,경남 창원시 마산회원구 내서읍 광려천남로 25,1978-07-04,"최동호, 김일환",055-231-0701,http://www.mhethanol.com
35420,NAVER,경기도 성남시 분당구 정자일로 95 1784,1999-06-02,최수연,,http://www.navercorp.com
181710,엔에이치엔,경기도 성남시 분당구 대왕판교로 645번길 16 플레이뮤지엄(삼평동),2013-08-01,정우진,,http://www.nhn.com
400760,NH올원리츠,"서울특별시 영등포구 국제금융로8길 2, 5층(여의도동, 농협재단빌딩)",2019-11-20,소선호,02-6264-2840,http://www.nhreits.com
5940,NH투자증권,서울특별시 영등포구 여의대로 108 파크원NH금융타워(타워2),1969-01-14,윤병운,02-768-7000,http://www.nhqv.com
338100,NH프라임리츠,"서울특별시 영등포구 국제금융로8길 2 5층(여의도동, 농협재단빌딩)",2019-05-30,소선호,02-6264-2836,http://www.nhreits.com
34310,NICE,서울시 영등포구 은행로17 (여의도동),1986-09-11,이현석,02-2122-4000,http://www.nice.co.kr
30190,NICE평가정보,서울시 영등포구 은행로 17 (여의도동),1985-02-28,김종윤,02-2122-4000,http://www.niceinfo.co.kr
8260,NI스틸,서울시 동작구 동작대로35 화민빌딩,1972-12-14,이창환,02-758-6789,http://ni.hcrst.com
4250,엔피씨,경기도 용인시 수지구 신수로 785-17 엔피씨(주),1965-05-29,"나창엽,양창영,심일식(각자 대표)",031-362-2851,http://www.npc.co.kr
456040,OCI,"서울특별시 중구 소공로 94 (소공동, OCI주식회사)",2023-05-02,"김유신, 김원현(2인, 각자 대표)",02-727-9500,http://www.oci.co.kr
10060,OCI홀딩스,서울시 중구 소공로 94 OCI빌딩,1974-07-01,"이우현, 김택중, 이수미(3인, 각자 대표)",02-727-9500,http://www.oci-holdings.com
178920,PI첨단소재,충북 진천군 이월면 고등1길 27,2008-06-02,송금수,031-436-8600,http://www.skckolonpi.com
5490,POSCO홀딩스,경상북도 포항시 남구 동해안로 6261 -,1968-03-25,"대표 회장 장인화,",054-220-0114,http://www.posco-inc.com
10950,S-Oil,서울시 마포구 백범로 192 (공덕동 471번지),1976-01-06,Hussain A.Al-Qahtani,02-3772-5151,http://www.s-oil.com
34120,SBS,서울시 양천구 목동서로 161,1990-11-14,방문신,02-2061-0006,http://www.sbs.co.kr
5090,SGC에너지,"서울시 서초구 양재대로 246 (염곡동, 송암빌딩 12층)",1967-07-01,"이우성, 박준영, 이복영",02-489-8000,http://www.sgcenergy.co.kr
1380,SG글로벌,충청남도 예산군 예산읍 창말로 75 (주)SG글로벌,1954-12-22,이의범,070-5038-6334,http://www.sgglobal.co.kr
4060,SG세계물산,"서울특별시 금천구 벚꽃로 278 6층(가산동,에스제이테크노빌)",1964-11-20,이의범,02-850-5191,http://www.sgsegye.com
1770,SHD,"경기도 안산시 단원구 번영2로 31 (성곡동, 시화공단4다706)",1956-06-01,신종호,031-499-9922,http://www.shinhwatp.co.kr
2360,SH에너지화학,전북 군산시 외항7길 20 (소룡동),1958-05-09,정케빈규봉,063-469-1500,http://www.sh-enerchem.com
9160,SIMPAC,인천시 부평구 부평북로 141,1973-08-09,최진식,032-510-0044,http://www.simpac.co.kr
33530,SJG세종,울산시 북구 효자로 82 (효문동),1976-06-10,"최정연, 이동원 (각자 대표)",052-219-1699,http://www.sjku.co.kr
123700,에스제이엠,경기도 안산시 단원구 별망로 459번길 20 (목내동),2010-05-04,김휘중,031-491-4151,http://www.sjmflex.co.kr
25530,에스제이엠홀딩스,경기도 안산시 단원구 별망로459번길 20 (목내동),1975-03-31,"김용호, 김휘중",031-490-3859,http://www.sjmholdings.co.kr
34730,SK,서울시 종로구 종로 26 SK빌딩,1991-04-13,"최태원, 장용호",02-2121-5114,http://www.sk.co.kr
11790,SKC,경기도 수원시 장안구 정자로 102 SKC첨단기술중앙연구소 (정자동 911-10),1973-07-16,박원철,02-3787-1234,http://www.skc.kr
18670,SK가스,경기도 성남시 분당구 판교로332 ECO Hub,1985-12-20,윤병석,02-6200-8114,http://www.skgas.co.kr
1740,SK네트웍스,경기도 수원시 장안구 경수대로976번길 19 -,1956-03-24,이호정,070-7800-2114,http://www.sknetworks.co.kr
6120,SK디스커버리,경기도 성남시 분당구 판교로 332,1969-07-01,"최창원, 손현호",02-2008-2008,http://www.skdiscovery.com
210980,SK디앤디,경기도 성남시 분당구 판교로 332 (삼평동) ECO Hub,2004-04-27,김도현,02-398-4700,http://www.skdnd.com
395400,SK리츠,"서울특별시 중구 세종대로 136, 15층",2021-03-15,에스케이리츠운용(주),02-6353-7000,http://www.skreit.co.kr
302440,SK바이오사이언스,경기도 성남시 분당구 판교로 310,2018-07-01,안재용,02-2008-2200,http://www.skbioscience.co.kr
326030,에스케이바이오팜,경기도 성남시 분당구 판교역로 221 (삼평동),2011-04-01,이동훈,031-8093-0114,http://www.skbp.com
402340,SK스퀘어,서울특별시 중구 을지로 65 SK텔레콤빌딩,2021-11-01,한명진,02-6100-3114,http://www.sksquare.com
361610,SK아이이테크놀로지,"서울특별시 종로구 종로 26 (서린동, SK서린동빌딩)",2019-04-01,이상민,02-2121-5114,http://www.skietechnology.com
100090,SK오션플랜트,경남 고성군 동해면 내산3길 51-1,1996-11-01,이승철,055-673-7014,http://www.skoceanplant.com
96770,SK이노베이션,서울시 종로구 종로26 (서린동 SK빌딩),2007-07-03,박상규,02-2121-5114,http://www.skinnovations.co.kr
475150,SK이터닉스,경기도 성남시 분당구 판교로 332,2024-03-04,김해중,031-606-1300,http://www.sketernix.com
1510,SK증권,서울시 영등포구 국제금융로8길 31 SK증권빌딩(여의도동),1955-07-30,"전우종, 정준호",02-3773-8245,http://www.sks.co.kr
285130,SK케미칼,경기도 성남시 분당구 판교로 310 (삼평동),2017-12-01,"김철, 안재현",02-2008-2008,http://www.skchemicals.com
17670,SK텔레콤,서울시 중구 을지로 65 SK T타워,1984-04-20,유영상,02-6100-2114,http://www.sktelecom.com
660,SK하이닉스,경기도 이천시 부발읍 경충대로 2091,1949-10-15,곽노정,031-630-4114,http://www.skhynix.com
3570,SNT다이내믹스,경남 창원시 성산구 남면로 599 (외동),1959-04-01,박재석,055-280-5000,http://www.hisntd.com
64960,SNT모티브,부산시 기장군 철마면 여락송정로 363,2002-02-06,권형순,051-509-2114,http://www.sntmotiv.com
100840,SNT에너지,경남 창원시 성산구 완암로 12,2008-02-05,김형섭,055-212-6500,http://www.hisnt.com
36530,SNT홀딩스,서울특별시 강남구 테헤란로 124 11층(역삼동),1982-09-27,김도환,02-3279-5010,http://www.hisntholdings.com
5610,SPC삼립,경기도 시흥시 공단1대로 101,1968-06-28,"황종현, 김범수(각자 대표)",02-2276-5061,http://www.spcsamlip.co.kr
11810,STX,경남 창원시 성산구 중앙대로 105,1976-12-24,박상준,02-316-9600,http://www.stx.co.kr
465770,STX그린로지스,부산광역시 중구 중앙대로 102,2023-09-01,유재호,051-461-2000,http://www.stxgreenlogis.co.kr
77970,STX엔진,경남 창원시 성산구 공단로474번길 36,2004-04-01,이상수,055-280-0114,http://www.stxengine.co.kr
2820,SUN&L,인천시 중구 월미로 96 (북성동 1가),1959-10-17,이윤규,032-770-3000,http://www.sunwood.co.kr
84870,티비에이치글로벌,서울특별시 송파구 중대로 168 신한빌딩(가락동),2001-01-01,우종완,02-2058-3800,http://www.tbhglobal.co.kr
2710,TCC스틸,경북 포항시 남구 괴동로 100 (장흥동),1959-07-16,"손봉락, 손기영, 김영학 (각자대표)",054-285-3311,http://www.tccsteel.com
69260,티케이지휴켐스,"서울시 중구 퇴계로 173, 19층",2002-09-17,김우찬,02-2262-0600,http://tkg.huchems.com
7980,TP,서울시 구로구 디지털로31길 12 (구로동),1972-06-30,임석원,02-850-9000,http://www.panpacific.co.kr
2900,TYM,서울특별시 용산구 장문로 52 동빙고동,1960-02-01,"김희용, 김도훈",02-3014-2800,http://www.tym.co.kr
24070,WISCOM,경기도 안산시 단원구 강촌로 237 (목내동),1978-05-09,"구조웅, 구영일",031-495-1181,http://www.wiscom.co.kr
37270,YG PLUS,"서울특별시 영등포구 국제금융로 10 19층, (여의도동, 쓰리아이에프씨)",1996-11-15,최성준,02-3140-4600,http://www.ygplus.com
500,가온전선,경기도 군포시 엘에스로45번길 120,1947-09-24,정 현,031-8068-3917,http://www.gaoncable.com
860,강남제비스코,"부산광역시 부산진구 중앙대로 639 18층(범천동, 엠디엠타워)",1952-07-16,"황익준, 김재현",051-892-4221,http://www.jevisco.com
35250,강원랜드,강원도 정선군 사북읍 하이원길 265,1998-06-29,최철규,033-590-7700,http://kangwonland.high1.com
11420,갤럭시아에스엠,서울시 강남구 학동로 311 미성빌딩 7층,1975-05-06,이반석,02-775-1300,http://www.galaxiasme.com
2100,경농,서울특별시 서초구 효령로 77길 28 동오빌딩,1957-07-12,"이병만,이용진",02-3488-5800,http://www.knco.co.kr
9450,경동나비엔,경기도 평택시 서탄면 수월암길 95,1978-11-03,"손연호, 손흥락, 장희철",031-659-1144,http://www.kdnavien.co.kr
267290,경동도시가스,울산시 북구 염포로 260-10,2017-04-01,"송재호, 나윤호",052-219-5300,http://www.kdgas.co.kr
12320,경동인베스트,경기도 성남시 분당구 수내로46번길 4 경동빌딩,1977-06-15,정승진,052-219-5300,http://www.kdinvest.co.kr
50,경방,서울시 영등포구 영중로 15 (영등포동4가),1919-10-05,"김준, 김담",02-2638-6000,http://www.kyungbang.co.kr
214390,경보제약,충남 아산시 실옥로 174 (실옥동),1987-03-31,김태영,02-2175-2315,http://www.kbpharma.co.kr
12610,경인양행,인천시 서구 건지로 199 (석남동 223-52),1977-10-14,"김흥준, 조성용",032-571-7498,http://www.kisco.co/ko/
9140,경인전자,"서울시 금천구 가산디지털 2로 184 1411호(가산동, 벽산/경인디지털밸리 2차)",1973-08-06,김성은,02-2113-2000,http://www.kie.co.kr
13580,계룡건설산업,대전광역시 서구 문정로 48번길 48(탄방동) 계룡건설빌딩,1978-10-11,"오태식, 윤길호",042-480-7114,http://www.krcon.co.kr
12200,계양전기,서울시 강남구 테헤란로 508 해성2빌딩 2층(대치동),1977-04-27,임영환,02-559-6800,http://www.keyang.co.kr
2140,고려산업,부산광역시 중구 중앙대로 22 (중앙동6가),1957-07-24,"전장열, 김영교",051-600-5000,http://www.hafeed.com
10130,고려아연,서울특별시 종로구 종로33 (청진동) -,1974-08-01,"박기덕, 정태웅",02-519-3416,http://www.koreazinc.co.kr
2240,고려제강,부산광역시 수영구 구락로 141번길 37(망미동),1945-09-21,주종대,051-760-1700,http://www.kiswire.com
9290,광동제약,경기도 과천시 과천대로7다길 52 광동 과천 타워,1963-10-16,최성원,02-6006-7777,http://www.ekdp.com
17040,광명전기,경기도 안산시 단원구 목내로 160(목내동),1955-07-01,이재광,031-494-0720,http://www.kmec.co.kr
17900,광전자,전북 익산시 약촌로8길 62-8 (어양동),1984-07-31,최재완,063-839-1111,http://www.auk.co.kr
37710,광주신세계,광주시 서구 무진대로 932 (광천동),1995-04-10,이동훈,062-360-1234,http://www.gjshinsegae.co.kr
30610,교보증권,서울시 영등포구 여의도동 의사당대로 97 (여의도동 26-4)교보증권빌딩,1949-11-22,"박봉권, 이석기 (각자대표)",02-3771-9000,http://www.iprovest.com
339770,교촌에프앤비,경상북도 칠곡군 가산면 송신로 78 교촌에프앤비(주),1999-11-12,송종화,054-971-9995,http://www.kyochonfnb.com
7690,국도화학,서울시 금천구 가산디지털 2로 61 (가산동),1972-02-22,"이시창, 황문성",02-3282-1542,http://www.kukdo.com
1140,국보,"부산광역시 수영구 광남로 42 8층(남천동, 국보빌딩)",1953-12-28,"박찬하, 김룡영(각자 대표)",02-765-5544,http://www.kukbo.com
2720,국제약품,경기도 성남시 분당구 야탑로 96-8,1959-07-27,"남영우, 남태훈",031-781-9081,http://www.kukjepharm.co.kr
83420,그린케미칼,충남 서산시 대산읍 독곶2로 103,2003-01-01,양준화,041-661-5000,http://www.korgc.com
14530,극동유화,경남 양산시 어실로 101,1979-12-28,"장홍선, 장선우",055-370-9900,http://www.kdoc.co.kr
14280,금강공업,부산시 사하구 다산로 110 (다대동),1979-08-08,"전장열, 전재범 (각자 대표)",051-264-8881,http://www.kumkangkind.com
8870,금비,경기도 이천시 부발읍 중부대로1707번길 13,1973-06-05,고기영,031-632-5280,http://www.kumbi.co.kr
1570,금양,부산광역시 사상구 낙동대로960번길 77 (감전동),1955-11-17,류광지,051-316-5881,http://www.kyc.co.kr
2990,금호건설,전남 나주시 시청길4,1960-09-05,조완석,061-333-7612,http://www.kumhoenc.com
11780,금호석유화학,"서울시 중구 청계천로 100(수표동, 시그니쳐타워스 서울)",1970-12-28,백종훈,02-6961-1114,http://www.kkpc.com
214330,금호에이치티,광주시 광산구 용아로 717,1989-07-01,"김진곤, 김두인(각자대표)",062-958-2700,http://www.kumhoht.co.kr
1210,금호전기,서울특별시 영등포구 국제금융로 10 쓰리아이에프씨동 14층,1935-05-25,이홍민,02-707-4000,http://www.khe.co.kr
73240,금호타이어,광주시 광산구 어등대로 658 (소촌동),2003-06-30,정일택,062-940-2114,http://www.kumhotire.com
92440,기신정기,"인천시 남동구 은봉로 111 49동 1호(논현동, 남동공단)",1988-11-01,윤현도,032-820-1600,http://www.kishin.com
270,기아,서울시 서초구 헌릉로 12,1944-12-11,"송호성,최준영(각자 대표이사)",02-3464-1114,http://www.kia.com
24110,기업은행,"서울시 중구 을지로 79 (을지로 2가 50), 중소기업은행본점건물",1961-08-01,김성태,02-729-6114,http://www.ibk.co.kr
13700,까뮤이앤씨,경기도 이천시 대월면 경충대로 1937번길 57,1978-12-22,"손병재, 이은규 (각자 대표)",031-633-9114,http://www.camusenc.com
4540,깨끗한나라,서울특별시 용산구 한남대로 98,1966-03-07,"최현수, 이동열",02-2270-9200,http://www.kleannara.com
1260,남광토건,"경기도 용인시 기흥구 흥덕중앙로 120(영덕동, 흥덕유타워)",1954-08-05,"김종수, 이동철(각자대표)",02-3011-0114,http://www.namkwang.co.kr
8350,남선알미늄,대구시 달성군 논공읍 논공중앙로 288,1973-01-04,"박귀봉, 정순원(각자대표)",053-610-5200,http://www.namsun.co.kr
4270,남성,서울특별시 금천구 디지털로 130 남성프라자 15층,1965-06-10,윤성호,02-2109-1550,http://www.namsung.com
3920,남양유업,서울시 강남구 도산대로 240 1964빌딩,1964-03-13,김승언(대표집행임원),02-2010-6601,http://www.namyangi.com
25860,남해화학,서울시 강남구 테헤란로113길 15(삼성동),1947-05-08,김창수,061-688-5354,http://www.nhchem.co.kr
5720,넥센,경남 김해시 김해대로 2595,1968-09-10,"강병중, 강호찬, 문성희",055-333-0771,http://www.nexencorp.co.kr
2350,넥센타이어,경남 양산시 충렬로 355 (유산동),1958-04-11,대표 회 장 강병중,055-370-5114,http://www.nexentire.com
92790,넥스틸,경상북도 포항시 남구 대송면 송덕로212번길 195,1990-01-05,박효정,054-288-5500,http://www.nexteel.co.kr
251270,넷마블,"서울특별시 구로구 디지털로26길 38 (구로동, 지타워)",2011-11-17,김병규,02-2271-7114,http://www.netmarble.net
90350,노루페인트,경기도 안양시 만안구 박달로 351,2006-06-02,이수민,031-467-6114,http://www.noroopaint.com
320,노루홀딩스,경기도 안양시 만안구 박달로 351,1945-11-01,"한영재, 김용기",031-467-6114,http://www.norooholdings.com
6280,녹십자,경기도 용인시 기흥구 이현로30번길 107 (보정동),1969-11-01,허은철,031-260-9300,http://www.gcbiopharma.com
5250,녹십자홀딩스,경기도 용인시 기흥구 이현로30번길 107 (보정동),1967-10-05,"허일섭, 허용준",031-260-9300,http://www.gccorp.com
4370,농심,서울시 동작구 여의대방로 112 (신대방동),1965-09-18,이병학,02-820-7114,http://www.nongshim.com
72710,농심홀딩스,서울시 동작구 여의대방로 112 (신대방동 370 농심빌딩),2003-07-01,박준,02-820-7820,http://www.nongshimholdings.co.kr
58730,다스코,전남 화순군 동면 동농공길 26-2,1996-01-26,"한상원, 한남철",061-370-2114,http://www.dasco.kr
30210,다올투자증권,서울특별시 영등포구 여의나루로 60 여의도포스트타워,1981-05-01,"이병철, 황준호 (각자 대표)",02-2184-2000,http://www.daolsecurities.com
23590,다우기술,경기도 성남시 수정구 금토로 69 4층,1986-01-09,김윤덕,070-8707-1000,http://www.daou.co.kr
145210,다이나믹디자인,광주광역시 북구 첨단연신로29번길 12 (주)다이나믹디자인(연제동 1036번지),1999-04-02,황 응 연,062-944-6161,http://www.saehwaimc.com
19680,대교,서울시 관악구 보라매로 3길 23(보라매동 729-21)  대교타워,1986-12-20,강호준,02-829-1114,http://www.daekyo.com
6370,대구백화점,대구시 중구 동성로 30,1969-12-26,구정모,053-423-1234,http://www.debec.co.kr
8060,대덕,경기도 안산시 단원구 산단로 63,1972-08-11,김영재,031-8040-8000,http://www.daeduckholdings.com
353200,대덕전자,경기도 안산시 단원구 강촌로 230,2020-05-01,신영환,031-8040-0618,http://www.daeduck.com
490,대동,대구시 달성군 논공읍 논공중앙로 34길 35,1947-05-20,"김준식, 원유현",053-610-3000,http://www.daedong.co.kr
8110,대동전자,서울시 금천구 가산디지털1로 33,1972-10-10,김명성,02-855-5121,http://www.daidong.com
5750,대림바스,경남 창원시 성산구 공단로 52 (양곡동),1968-09-20,강태식,055-280-8400,http://www.daelimbath.com
6570,대림통상,서울시 서대문구 연희로 142 (연희동 87-9),1970-04-01,"고은희, 손병국",02-730-9811,http://www.dltc.co.kr
1680,대상,서울특별시 종로구 창경궁로 120 종로플레이스,1956-01-31,임정배,02-2220-9500,http://www.daesang.com
84690,대상홀딩스,서울시 중구 세종대로9길 41 올리브타워 2층 (서소문동),2005-08-01,"임창욱, 최성수 각자대표이사",02-2211-6533,http://www.daesangholdings.com
128820,대성산업,"서울특별시 구로구 경인로 662 (신도림동, 디큐브시티 9층, 11층)",2010-06-30,"김영대,이은우(공동대표)",02-2170-2125,http://www.daesung.co.kr
117580,대성에너지,대구시 중구 명덕로 85(남산동),2009-10-01,대표 김영훈,053-606-1000,http://www.daesungenergy.com
16710,대성홀딩스,대구시 중구 명덕로 85 (남산동),1983-01-31,"김영훈, 김정주",053-606-1000,http://www.daesung-holdings.com
3540,대신증권,서울시 중구 삼일대로 343,1962-07-27,오익근,02-769-2117,http://www.daishin.com
9190,대양금속,충남 예산군 신암면 추사로 146-8,1973-08-22,정지수,041-333-4675,http://www.daiyangmetal.co.kr
14160,대영포장,"경기도 안산시 단원구 산단로 265 (원시동, 대영포장(주))",1979-06-01,"강병은,손용수",031-490-9300,http://www.dygroup.co.kr
47040,대우건설,서울특별시 중구 을지로 170,2000-12-27,김보현,02-2288-3114,http://www.daewooenc.com
3090,대웅,경기도 성남시 중원구 갈마치로 244,1945-08-15,윤재춘,02-550-8800,http://www.daewoongholdings.com
69620,대웅제약,경기도 화성시 향남읍 제약공단4길 35-14,2002-10-02,"이창재, 박성수",02-550-8800,http://www.daewoong.co.kr
430,대원강업,충남 천안시 서북구 성거읍 오송1길 114-41,1946-09-20,"박민희, 김항수",041-520-7582,http://www.daewonspring.com
6340,대원전선,충남 예산군 고덕면 호음덕령길 92,1969-11-29,서명환,041-339-3400,http://www.daewoncable.co.kr
3220,대원제약,서울시 성동구 천호대로 386 (용답동 229-3),1961-08-09,"백승열, BAEK JONATHAN IN",02-2204-7000,http://www.daewonpharm.com
24890,대원화성,서울시 강남구 봉은사로 327 (논현동 278-19 궁도빌딩 13층),1974-05-23,강동엽,02-2141-3533,http://www.daewon21.co.kr
2880,대유에이텍,광주시 광산구 소촌로 123번길 40-11(소촌동),1960-01-16,임근호,062-942-8611,http://www.dayouat.co.kr
12800,대창,"경기도 시흥시 공단1대로 391(정왕동), 시화공단4나 506호",1974-04-16,"조시영, 김옥열",031-496-3000,http://www.brassone.com
15230,대창단조,경남 김해시 생림면 봉림로 115-92,1981-01-01,박권일,055-329-3911,http://www.dcf.co.kr
1070,대한방직,"서울특별시 중구 중림로 48(중림동, 성준빌딩)",1953-08-10,"설범, 김인호",02-368-0114,http://www.thtc.co.kr
6650,대한유화,서울시 종로구 자하문로 77 (유남빌딩),1970-06-02,강길순,02-2122-1515,http://www.kpic.co.kr
1440,대한전선,경기도 안양시 동안구 시민대로 317 대한스마트타워(관양동 1746-2),1955-02-21,송종민,02-316-9114,http://www.taihan.com
84010,대한제강,부산시 사하구 하신번영로 69,1954-06-10,이경백,,http://www.idaehan.com
1790,대한제당,인천시 중구 월미로 116 (북성동1가),1956-07-06,강승우,032-770-1400,http://www.ts.co.kr
1130,대한제분,서울시 중구 세종대로 39,1953-11-28,"이건영, 송인석",02-3455-0200,http://www.dhflour.co.kr
3490,대한항공,서울시 강서구 하늘길 260,1962-06-19,"조원태, 우기홍",02-2656-7114,http://www.koreanair.com
5880,대한해운,서울특별시 서대문구 신촌역로 30 -,1968-12-12,한수한,02-3701-0114,http://www.korealines.co.kr
3830,대한화섬,서울시 중구 동호로 310,1963-10-22,김대정,02-3406-0300,http://www.daehansf.co.kr
16090,대현,서울시 강남구 언주로 619 대현그린타워,1982-05-25,신윤황,02-3485-7000,http://www.daehyun.co.kr
69460,대호에이엘,대구시 달성군 논공읍 논공중앙로 211,2002-10-01,김영대,053-610-5400,http://www.daeho-al.com
475560,더본코리아,"서울특별시 강남구 봉은사로1길 39 5층,6층",1994-01-21,"백종원, 강석원",02-549-3864,http://www.theborn.co.kr
192080,더블유게임즈,"서울시 강남구 테헤란로 152, 강남파이낸스센터 16층(역삼동)",2012-04-27,김가람,02-501-7216,http://www.doubleugames.com
12510,더존비즈온,강원도 춘천시 남산면 버들1길 130,1977-08-20,김용우,02-6233-3000,http://www.douzone.com
4830,덕성,경기도 수원시 영통구 신원로 25,1966-11-10,"이봉근, 김성진 (각자대표)",031-204-0781,http://www.duksung21.com
24900,디와이덕양,울산시 북구 효암로 366 (연암동),1977-07-11,"윤성희, 문경호",052-219-1114,http://www.dyauto.kr
145720,덴티움,서울특별시 강남구 테헤란로87길 21 동성빌딩 10층,2000-06-07,"서승우, 윤병호",070-7098-9158,http://www.dentium.co.kr
2150,도화엔지니어링,서울시 강남구 삼성로 438 도화타워,1962-05-05,"박승우,곽준상,손영일,김덕구",02-6323-3032,http://www.dohwa.co.kr
460850,동국씨엠,"서울특별시 중구 을지로5길 19 페럼타워, 5층",2023-06-01,박상훈,02-2222-0111,
460860,동국제강,서울특별시 중구 을지로5길 19 페럼타워 7층,2023-06-01,최삼영,02-317-1111,
1230,동국홀딩스,서울시 중구 을지로 5길 19 페럼타워,1954-07-07,장세욱,02-317-1111,http://www.dongkuk.com
23450,동남합성,충남 공주시 탄천면 탄천산업단지길 80-61,1965-10-01,"김정돈, 박미령 (각자대표)",041-840-3100,http://www.dongnamchem.com
4140,동방,"서울특별시 중구 통일로2길 16 3층(순화동, 에이아이에이타워)",1965-01-14,"김형곤, 박창기",02-2190-8100,http://www.dongbang.co.kr
7590,동방아그로,"서울시 관악구 남부순환로 2028 남현동, 동방빌딩",1971-12-31,"염병만, 염병진",02-580-3600,http://www.dongbangagro.co.kr
5960,동부건설,서울특별시 강남구 테헤란로 137 코레이트 타워,1969-01-24,윤진오,02-3484-2114,http://dbcon.dongbu.co.kr
26960,동서,서울시 마포구 독막로 324(도화동) 동서빌딩 10층,1975-05-16,윤세철,02-701-5050,http://www.dongsuh.com
2210,동성제약,서울시 도봉구 도봉로 683 (방학동) 동성빌딩,1957-11-25,나원균,02-6911-3600,http://www.dongsung-pharm.com
102260,동성케미컬,부산시 사하구 신산로 99,2008-05-14,"이만우, 백진우 (각자 대표)",02-6190-8800,http://www.dongsungchemical.co.kr
640,동아쏘시오홀딩스,서울시 동대문구 천호대로 64(용두동),1949-08-09,김민영,02-920-8114,http://www.donga.co.kr
170900,동아에스티,서울시 동대문구 천호대로 64 (용두동),2013-03-04,정재훈,02-920-8114,http://www.donga-st.com
28100,동아지질,부산시 금정구 금샘로 347,1973-11-30,"최정욱, 정경수",051-580-5550,http://www.dage.co.kr
1520,동양,서울시 영등포구 국제금융로2길 24,1955-08-25,박주형,02-3770-3000,http://www.tongyanginc.co.kr
84670,동양고속,경기도 안양시 동안구 흥안대로 67 (호계동),2005-07-04,최성원,031-458-9201,http://www.dyexpress.co.kr
82640,동양생명,서울시 종로구 종로 33 (청진동),1989-07-01,이문구,,http://www.myangel.co.kr
8970,동양철관,충남 천안시 동남구 풍세면 풍세로 515,1973-08-01,이곽우,041-578-5511,http://www.dysp.co.kr
92780,DYP,경기도 안산시 단원구 해봉로255번길 16 동양피스톤,1967-07-01,홍순겸,031-489-9056,http://www.dypiston.co.kr
49770,동원F&B,"서울시 서초구 마방로 68 (양재동, 동원산업빌딩)",2000-11-01,김성용,02-589-3000,http://www.dongwonfnb.com
18500,동원금속,경북 경산시 진량읍 북리 1길 69,1985-12-14,"이은우, 박승룡",053-859-2311,http://www.dwmic.com
6040,동원산업,서울시 서초구 마방로 68 (양재동),1969-04-16,"김세훈, 박상진, 장인성",02-589-3333,http://www.dwml.co.kr
30720,동원수산,서울특별시 마포구 독막로8길 38 동하빌딩 4층,1970-05-05,"WANG KI YONG JR, 왕인상",02-528-8000,http://www.dongwonfish.co.kr
14820,동원시스템즈,충청남도 아산시 둔포면 아산밸리동로 100 -,1980-05-10,"조점근,서범원,정용욱",02-589-4700,http://www.dongwonsystems.com
111380,동인기연,경기도 김포시 통진읍 대곶북로 370-26 (가현리),1992-12-15,정인수,070-4099-5004,http://www.dong-in.com
163560,동일고무벨트,부산시 금정구 공단동로 55번길 28,2012-10-05,TANIYAMA KEN,051-520-9114,http://www.drb-industrial.com
4890,동일산업,경북 포항시 남구 괴동로 112 (장흥동),1966-12-27,"오순택, 오승민",054-285-7251,http://www.dongil.co.kr
2690,동일제강,경기도 안성시 미양면 안성맞춤대로 474-40,1959-07-13,"민세홍, 양영석, 김우진 (각자대표)",031-677-1234,http://www.dongil-steel.com
20,동화약품,서울특별시 중구 남대문로9길 24 패스트파이브타워 6~8층(다동),1897/09/25,"유준하, 윤인호(각자 대표)",02-2021-9300,http://www.dong-wha.co.kr
150,두산,서울시 중구 장충단로 275,1933-12-18,"박정원, 김민철, 유승우",02-3398-0114,http://www.doosan.com
454910,두산로보틱스,경기도 수원시 권선구 산업로156번길 79 (고색동),2015-07-31,"박인원, 김민표, 조길성",031-8014-5500,http://www.doosanrobotics.com
241560,두산밥캣,"경기도 성남시 분당구 정자일로 155 정자동, 분당두산타워",2014-04-25,"스캇성철박, 조덕제",031-5179-3300,http://www.doosanbobcat.com
34020,두산에너빌리티,경남 창원시 성산구 두산볼보로 22 (귀곡동),1962-09-20,"박지원, 정연인, 박상현",055-278-6114,http://www.doosanenerbility.com
336260,두산퓨얼셀,전라북도 익산시 석암로7길 100,2019-10-01,"이두순, 윤재동 (각자 대표)",02-3398-3898,http://www.doosanfuelcell.com
16740,두올,서울특별시 강남구 언주로 726 두산빌딩 12층,1983-02-11,"조인회, 정재열",02-6922-7132,http://www.idual.co.kr
192650,드림텍,경기도 성남시 분당구 대왕판교로 670 유스페이스2 A동 10층,1998-09-22,"김형민, 박찬홍(각자대표)",031-620-1534,http://www.idreamtech.co.kr
24090,디씨엠,경남 양산시 웅상농공단지길 55,1972-03-04,"정연택, 정동우(각자 대표)",055-366-9991,http://www.dcmcorp.co.kr
3160,디아이,서울시 강남구 논현로 703,1961-03-16,"박원호, 조윤형",02-546-5501,http://www.di.co.kr
92200,디아이씨,울산시 울주군 두동면 봉계농공길 8 (주)디아이씨,1976-08-03,김정렬,052-255-0500,http://www.dicorp.co.kr
377190,디앤디플랫폼리츠,"서울특별시 강남구 강남대로 382 7층 (역삼동, 메리츠타워)",2020-03-10,이양원,02-6201-9500,http://dndplatformreit.com
13570,디와이,인천시 남동구 남동서로 362번길 36(남촌동),1978-10-05,김진호,032-810-4100,http://www.dy.co.kr
210540,디와이파워,경남 창원시 성산구 웅남로 812 (성주동),2014-12-03,박치웅,055-278-0800,http://power.dy.co.kr
32350,롯데관광개발,제주특별자치도 제주시 노연로 12 (노형동),1971-05-24,"김기병, 백현, 김한준",,http://www.lottetour.com
89860,롯데렌탈,"경기도 안양시 동안구 전파로 88, 8층(호계동, 신원비젼타워)",2005-10-20,최진환,02-3404-9867,http://lotterentacar.net
330590,롯데리츠,서울특별시 송파구 올림픽로 300 롯데월드타워 30층,2019-03-29,롯데에이엠씨(주),02-3213-8152,http://www.lottereit.co.kr
400,롯데손해보험,서울시 중구 소월로 3 (남창동) 롯데손해보험빌딩,1946-05-20,이은호,02-1588-3344,http://www.lotteins.co.kr
23530,롯데쇼핑,서울시 중구 남대문로 81 (소공동),1970-07-02,"김상현(김 사무엘 상현), 정준호, 강성현",070-4473-7380,http://www.lotteshopping.com
20150,롯데에너지머티리얼즈,전북 익산시 석암로3길 63-25,1987-08-11,김연섭,063-835-3616,http://www.lotteenergymaterials.com
280360,롯데웰푸드,서울시 영등포구 양평로21길 10,2017-10-12,"신동빈, 이영구, 이창엽",02-2670-6614,http://www.lottewellfood.com
286940,롯데이노베이트,서울시 금천구 가산디지털2로 179,2017-11-02,김경엽,02-2626-4000,http://www.ldcc.co.kr
4000,롯데정밀화학,울산시 남구 여천로 217번길 19 (여천동),1964-08-27,정승원,052-270-6114,http://www.lottefinechem.com
4990,롯데지주,서울시 송파구 올림픽로 300 (신천동 29),1967-03-24,"신동빈,이동우",02-750-7114,http://www.lotte.co.kr
5300,롯데칠성음료,서울시 서초구 서초대로70길 15,1967-11-29,박윤기,02-3479-9114,http://company.lottechilsung.co.kr
11170,롯데케미칼,서울시 송파구 올림픽로 300(신천동),1976-03-16,"신동빈, 이영준, 황민재",02-829-4114,http://www.lottechem.com
71840,롯데하이마트,서울시 강남구 삼성로 156 롯데하이마트빌딩,1987-07-01,남창희,02-2050-5000,http://www.himart.co.kr/index.jsp
27740,마니커,경기도 용인시 기흥구 구성로 278 -,1985-09-27,"안정원,엄영철(각자 대표)",031-281-5300,http://www.maniker.co.kr
357430,마스턴프리미어리츠,"서울특별시 서초구 강남대로 465 (서초동, 교보생명보험(주)서초사옥) A동 21층",2020-02-28,정범식,,http://masternpremier.com
1080,만호제강,부산시 강서구 녹산화전로 71(송정동),1953-09-04,김상환,051-601-0351,http://www.manhorope.com
88980,맥쿼리인프라,"서울특별시 종로구 우정국로 26 A동 18층(공평동, 센트로폴리스)",2002-12-12,맥쿼리자산운용(주),02-3705-8565,http://www.mkif.com
94800,맵스리얼티1,,,,,https://www.selenium.dev/documentation/webdriver/troubleshooting/errors#no-such-element-exception
138040,메리츠금융지주,서울시 강남구 강남대로 382(역삼동),2011-03-28,김용범,02-2018-6868,http://www.meritzgroup.com
90370,메타랩스,"서울특별시 강남구 봉은사로29길 6-12 2층(논현동, KTS2)",2000-11-03,하지성,02-2189-7700,http://www.metalabs.co.kr
118000,메타케어,"경기도 화성시 병점중앙로 156, 202호(진안동, 드림빌딩)",2009-12-01,이수진,02-2186-1300,http://www.smedi.net
17180,명문제약,경기도 화성시 향남읍 제약공단2길 26,1983-09-01,배철한,031-350-4000,http://www.mmpharm.co.kr
9900,명신산업,경상북도 경주시 천북면 천북산단로 91,1982-04-14,최우철,054-740-2665,http://www.myoungshinindustry.com
12690,모나리자,"서울시 동작구 보라매로5길 15, 전문건설회관 21층",1977-11-01,정창석,02-829-8800,http://www.monalisa.co.kr
5360,모나미,경기도 용인시 수지구 손곡로 17(동천동),1967-12-28,송하경,031-216-0153,http://www.monami.com
70960,모나용평,강원도 평창군 대관령면 올림픽로 715,2000-02-07,임학운,033-335-5757,http://www.yongpyong.co.kr
9680,모토닉,"서울특별시 종로구 청계천로 41 9층(서린동, 영풍빌딩)",1974-03-07,"김희진, 신현돈(각자 대표)",02-730-8711,http://www.motonic.com
9580,무림P&P,울산광역시 울주군 온산읍 우봉강양로 3-36,1974-01-14,이도균,052-231-7000,http://www.moorim.co.kr
9200,무림페이퍼,경남 진주시 남강로 1003,1973-08-29,이도균,055-751-1234,http://www.moorim.co.kr
33920,무학,경남 창원시 마산회원구 봉암공단2길 6,1973-10-01,"최재호, 최낙준 (각자 대표)",,http://www.muhak.co.kr
8420,문배철강,서울시 동작구 동작대로 35 (사당동),1973-01-22,이창환,02-758-6600,http://www.moonbaesteel.co.kr
25560,미래산업,충남 천안시 서북구 백석공단7로 65 (백석동),1991-01-01,이창재,041-621-5070,http://www.mirae.co.kr
7120,미래아이앤지,서울시 강남구 삼성로648 삼성동,1971-03-01,김학수,02-3470-4400,http://www.miraeing.co.kr
396690,미래에셋글로벌리츠,"서울특별시 종로구 종로 33 (청진동, 그랑서울)",2021-05-21,신현준,02-3774-6614,http://www.globalreit.miraeasset.com
357250,미래에셋맵스리츠,"서울특별시 종로구 종로 33(청진동, 그랑서울)",2020-02-12,정상구,02-3774-2209,http://www.maps1reit.miraeasset.com
85620,미래에셋생명,서울시 영등포구 국제금융로 56 (미래에셋대우빌딩),1988-03-07,"김재식, 황문규",02-1588-0220,http://life.miraeasset.com
6800,미래에셋증권,"서울시 중구 을지로5길 26(수하동, 미래에셋센터원빌딩 이스트타워)",1970-09-23,"김미섭, 허선호",02-1588-6800,http://securities.miraeasset.com
2840,미원상사,경기도 안산시 단원구 원시로 49 (목내동),1959-11-03,"홍창식, 강신우(각자대표)",031-8084-8300,http://www.mwc.co.kr
268280,미원에스씨,전북 완주군 봉동읍 완주산단1로 167,2017-05-01,"김형웅, 배원",063-260-1500,http://www.miramer.co.kr
107590,미원홀딩스,경기도 용인시 수지구 포은대로 59번길 20,2009-02-02,"김정돈, 손응주",063-260-1500,http://www.miwonsc.com
134380,미원화학,울산시 남구 장생포로 247,2011-01-03,"김정만, 김태호 (각자대표)",052-261-7988,http://www.miwonchemicals.com
3650,미창석유공업,부산시 영도구 해양로 241 (동삼동),1962-12-27,유재순,051-403-6441,http://www.michang.co.kr
377740,바이오노트,경기도 화성시 삼성1로4길 22 (석우동),2003-03-28,조병기,031-211-0516,http://www.bionote.co.kr
3610,방림,서울시 마포구 월드컵북로 402 KGIT상암센터 18층,1962-12-05,서재희,02-2085-2114,http://www.pangrim.com
1340,PKC,전북 군산시 임해로 494-16,1954-11-25,윤해구,063-450-1700,http://www.pkic.co.kr
35150,백산,경기도 시흥시 공단1대로27번길 47 (정왕동),1986-08-16,"김한준, 전제형(각자 대표)",031-499-0044,http://www.baiksan.co.kr
2410,범양건영,"부산광역시 동구 초량중로 114 105동 비102호, 비104호(초량동, 범양레우스 센트럴베이)",1958-08-21,강병주,041-573-5631,http://www.iby.co.kr
7210,벽산,"서울시 중구 퇴계로 307 (광희동 1가, 광희빌딩)",1971-04-09,김성식,02-2260-6114,http://www.byucksan.com
2760,보락,경기도 화성시 양감면 초록로 720-37,1959-08-08,정기련,031-352-6455,http://www.bolak.co.kr
3850,보령,서울시 종로구 창경궁로 136 보령빌딩,1963-11-11,김정균,02-708-8000,http://www.boryung.co.kr
890,보해양조,전남 목포시 호남로68번길 36,1952-11-11,조영석,061-243-3141,http://www.bohae.co.kr
3000,부광약품,서울시 동작구 상도로 7(대방동),1960-10-17,이제영,02-828-8114,http://www.bukwang.co.kr
1270,부국증권,서울시 영등포구 국제금융로 6길 17,1954-08-25,박현철,02-368-9200,http://www.bookook.co.kr
26940,부국철강,광주시 광산구 하남산단9번로 90 (안청동),1976-08-23,"남상규, 손일호",062-954-3806,http://www.bks.co.kr
11390,부산산업,부산시 사상구 장인로 35 (감전동),1976-05-15,정영교,051-315-8331,http://www.busanind.co.kr
5030,부산주공,부산시 기장군 장안읍 신소재산단1로 10,1967-04-27,장세훈,051-780-5980,http://www.pci21c.com
2070,비비안,서울시 용산구 서빙고로 51길 52(서빙고동),1957-06-14,손영섭,02-3780-1114,http://www.vivien.co.kr
100220,비상교육,경기도 과천시 과천대로2길 54 그라운드브이 14층,2002-01-21,양태회,070-4193-4106,http://www.visang.com
90460,비에이치,인천시 부평구 평천로 199번길 25,1999-03-10,최영식,032-510-2000,http://www.bhe.co.kr
5180,빙그레,경기도 남양주시 다산순환로 45 (도농동),1967-09-13,전창원,02-2022-6000,http://www.bing.co.kr
3960,사조대림,서울시 서초구 남부순환로 2159,1964-05-01,김일식,02-3470-6000,http://dr.sajo.co.kr
8040,사조동아원,서울시 서초구 방배천로2길 12 사조빌딩,1972-07-26,이창주,02-789-9524,http://www.dongaone.com
7160,사조산업,서울시 서대문구 통일로 107-39 사조산업빌딩 5층,1971-03-19,"주진우, 김치곤(각자대표)",02-3277-1600,http://ind.sajo.co.kr
14710,사조씨푸드,"서울시 서대문구 통일로 107-39, 5층(충정로2가, 사조빌딩)",1980-03-27,김치곤,02-721-6555,http://www.sajosf.co.kr
6090,사조오양,서울시 서초구 남부순환로 2159(방배동),1969-06-09,"박정훈, 최동재",02-3470-6030,http://www.sajooy.com
62040,산일전기,"경기도 안산시 단원구 시화벤처로 481 (성곡동, 산일전기(주))",1994-03-26,"박동석, 한익희 (공동대표)",031-319-4411,http://www.sanil.co.kr
1470,삼부토건,서울특별시 중구 퇴계로 67 -,1955-05-14,오일록,02-3706-2114,http://www.sambu.co.kr
28050,삼성E&A,서울시 강동구 상일로6길 26,1978-10-19,남궁홍,02-2053-3000,http://www.samsungengineering.com
448730,삼성FN리츠,"서울특별시 서초구 서초대로74길 4 (서초동, 삼성생명서초타워)16층",2022-07-26,이명규,02-3019-7000,http://www.samsungfnreit.com
6400,삼성SDI,경기도 용인시 기흥구 공세로 150-20,1970-01-20,최주선,031-8006-3100,http://www.samsungsdi.co.kr
6660,삼성공조,경남 창원시 성산구 연덕로 176,1970-06-11,고호곤,055-280-2733,http://www.samsungcc.co.kr
28260,삼성물산,서울특별시 강동구 상일로6길 26,1963-12-23,"오세철, 정해린, 이재언",02-759-0290,http://www.samsungcnt.com
207940,삼성바이오로직스,"인천시 연수구 송도바이오대로 300(송도동, 삼성바이오로직스)",2011-04-22,임존종보 (Rim John Chongbo),032-455-3114,http://www.samsungbiologics.com
32830,삼성생명,서울시 서초구 서초대로74길 11 (서초동),1957-04-24,홍원학,,http://www.samsunglife.com
18260,삼성에스디에스,서울시 송파구 올림픽로 35길 125 (신천동),1985-05-01,이준희,02-6155-3114,http://www.samsungsds.com
9150,삼성전기,경기도 수원시 영통구 매영로 150 (매탄동),1973-08-08,장덕현,031-210-5114,http://www.samsungsem.co.kr
5930,삼성전자,경기도 수원시 영통구 삼성로 129 (매탄동),1969-01-13,전영현,031-200-1114,http://www.samsung.com
1360,삼성제약,경기도 화성시 향남읍 제약공단4길 10 -,1929-08-15,정성택 대표,031-353-6681,http://www.sspharm.co.kr
10140,삼성중공업,경기도 성남시 분당구 판교로227번길 23 삼성중공업 판교R&D센터,1974-08-05,최성안,031-5171-7900,http://www.samsungshi.com
16360,삼성증권,서울시 서초구 서초대로 74길 11 (삼성전자빌딩),1982-10-19,박종문,02-2020-8000,http://www.samsungpop.com
68290,삼성출판사,서울시 서초구 명달로 94(서초동),2002-07-03,김진용,02-3470-6800,http://www.samsungbooks.com
29780,삼성카드,서울시 중구 세종대로 67,1983-03-24,김이태,,http://www.samsungcard.com
810,삼성화재해상보험,서울시 서초구 서초대로74길 14,1952-01-26,이문화,,http://www.samsungfire.com
6110,삼아알미늄,경기도 평택시 포승읍 평택항로 92 삼아알미늄 주식회사,1969-06-25,"한남희, 김진범",031-467-6800,http://www.sama-al.com
145990,삼양사,서울시 종로구 종로33길 31,2011-11-03,"최낙현, 강호성",02-740-7114,http://www.samyangcorp.com
3230,삼양식품,서울시 성북구 오패산로3길 104(하월곡동),1961-09-15,"김정수, 김동찬",02-940-3000,http://www.samyangfood.co.kr
2170,삼양통상,서울시 강남구 테헤란로 301 삼정개발빌딩 6층(역삼동),1957-10-12,"허남각, 허준홍 (2인 각자 대표)",02-3453-3961,http://www.samyangts.com
272550,삼양패키징,서울시 종로구 종로33길 31,2014-11-01,김재홍,02-740-7827,http://www.samyangpackaging.co.kr
70,삼양홀딩스,서울시 종로구 종로33길 31(연지동),1924-10-01,"엄태웅, 김경진",02-740-7114,http://www.samyang.com
3720,삼영,서울시 종로구 청계천로 35 관정빌딩 13층,1959-04-10,"이석준, 조영한",02-757-2291,http://www.sycc.co.kr
2810,삼영무역,서울시 마포구 양화로 111,1959-10-16,이승용,02-320-4114,http://www.samyung.co.kr
5680,삼영전자공업,경기도 성남시 중원구 사기막골로 47 (상대원동),1968-08-20,"변동준, 김성수(각자 대표이사)",031-743-6701,http://www.samyoung.co.kr
23000,삼원강재,경북 포항시 남구 대송면 철강산단로 66번길 40,1992-07-21,"장범석, 박민희(각자대표)",054-278-1983,http://www.samwon-steel.co.kr
4380,삼익THK,대구시 달서구 성서동로 163 (월암동),1960-05-10,진주완,053-665-7000,http://www.samickthk.co.kr
2450,삼익악기,충북 음성군 소이면 소이로 313,1958-09-01,"김종섭, 김민수",,http://www.samick.co.kr
4440,삼일씨엔에스,"경기도 화성시 동탄대로23길 121 21층(영천동, 동탄우미뉴브)",1965-12-31,윤성용,02-311-3300,http://www.esamilcns.com
520,삼일제약,"서울시 서초구 효령로 155(방배동,삼일제약 사옥)",1947-10-07,허승범,02-520-0300,http://www.samil-pharm.com
9770,삼정펄프,경기도 평택시 고덕면 해창리 250,1974-04-09,전성오,031-664-5377,http://www.sjpulp.com
5500,삼진제약,서울시 마포구 와우산로 121,1968-04-18,"최지현, 조규석",02-3140-0700,http://www.samjinpharm.co.kr
4690,삼천리,"서울시 영등포구 국제금융로6길 42(여의도동, 삼천리빌딩)",1966-07-07,"이찬의, 유재권",02-368-3300,http://www.samchully.co.kr
10960,삼호개발,충남 당진시 면천면 면천로 183,1976-01-15,"심재범, 이영열",041-356-4588,http://www.samhodev.co.kr
4450,삼화왕관,경기도 안산시 단원구 강촌로 140,1965-05-02,고기영,031-490-8400,http://www.samhwacrown.com
9470,삼화전기,충북 청주시 흥덕구 봉명로 3 (복대동),1973-12-10,"오영주, 박종온",043-261-0200,http://www.samwha.co.kr/electric
11230,삼화전자공업,경기도 용인시 처인구 남사면 경기동로 215,1976-04-01,"오영주, 이건화",031-374-5501,http://www.samwha.co.kr/electronics
1820,삼화콘덴서공업,경기도 용인시 처인구 남사면 경기동로 227,1956-08-14,"오영주, 박진",031-332-6441,http://www.samwha.co.kr/capacitor
390,삼화페인트공업,경기도 안산시 단원구 별망로 178(성곡동),1946-04-09,"류기붕,배맹달(각자대표)",031-499-0394,http://www.samhwa.com
1290,상상인증권,서울특별시 영등포구 여의대로 108 파크원 타워1,1954-08-30,주 원,02-3779-3000,http://www.sangsanginib.com
41650,상신브레이크,대구시 달성군 논공읍 논공중앙로 33길 10,1975-08-13,박세종,053-616-9555,http://www.sangsin.com
75180,새론오토모티브,충남 천안시 동남구 병천면 가전5길 133,1999-03-31,"박도순, 쿠마카와 테츠야",041-560-4114,http://www.saeronauto.co.kr
7540,샘표,서울시 중구 충무로2 (필동1가 51-9),1971-12-09,박진선,02-3393-5500,http://www.sempio.com
248170,샘표식품,서울시 중구 충무로 2,2016-07-04,박진선,02-3393-5500,http://www.sempio.com
7860,서연,경기도 안양시 동안구 부림로170번길 41-22,1972-04-21,유양석,031-420-3000,http://www.seo-yon.com
200880,서연이화,경기도 안양시 동안구 부림로170번길 41-22 (관양동),2014-07-01,강용석,02-2618-5231,http://www.seoyoneh.com
17390,서울도시가스,서울시 강서구 공항대로 607(염창동),1983-11-28,"진용민, 황주석(공통대표이사)",02-810-8000,http://www.seoulgas.co.kr
4410,서울식품공업,충북 충주시 충원대로 862,1965-12-11,서성훈,043-720-7000,http://www.seoul-food.co.kr
21050,서원,경기도 안산시 단원구 산단로67번길 94(목내동),1988-09-07,"조시영, 조경호, 박주황",031-365-8700,http://www.swbrass.co.kr
8490,서흥,충북 청주시 흥덕구 오송읍 오송생명로 61,1973-01-30,양주환,043-249-4100,http://www.suheung.com
7610,선도전기,경기도 안산시 단원구 시화벤처로 444 (성곡동),1972-01-22,권 혁,031-491-2284,http://www.seondo.co.kr
136490,선진,경기도 이천시 대월면 사동로 76,2011-01-04,이범권,031-637-1180,http://www.sj.co.kr
14910,성문전자,경기도 평택시 세교산단로 61,1980-07-11,신준섭,031-650-2800,http://www.smec-korea.co.kr
3080,SB성보,경기도 안산시 단원구 산단로19번길 168(목내동),1961-01-06,윤정선,02-3789-3800,http://www.sbcc.kr
4980,성신양회,서울시 종로구 인사동5길 29,1967-03-16,한인호,02-3782-7000,http://www.sungshincement.co.kr
11300,성안머티리얼스,대구시 북구 검단동로 35,1976-04-20,임종찬,053-382-4772,http://www.startex.co.kr
180,성창기업지주,부산시 사하구 다대로 627(다대동),1916-11-20,우인석,051-260-3333,http://www.sce.kr
2420,세기상사,서울시 중구 퇴계로 212 (충무로 4가),1958-08-21,조영준,02-3393-3500,http://www.daehancinema.co.kr
4360,세방,부산광역시 남구 우암로 127 (감만동),1965-09-13,최종일,051-630-5300,http://www.sebang.com
4490,세방전지,서울시 강남구 선릉로 433 (역삼동),1966-02-10,대표 박정희,02-3451-6201,http://www.gbattery.com
1430,세아베스틸지주,"서울시 마포구 양화로 45 세아타워 28,29층",1955-02-04,"이태성, 김수호",02-6970-2021,http://www.seahbesteel.co.kr
306200,세아제강,서울시 마포구 양화로 45,2018-09-03,"이휘령, 홍만기",02-6970-1000,http://www.seahsteel.co.kr
3030,세아제강지주,서울시 마포구 양화로 45,1960-10-19,"이주성, 조영빈",02-6970-1000,http://www.seah.co.kr
19440,세아특수강,경북 포항시 남구 괴동로 40,1986-11-01,이강현,054-285-4771,http://www.seahsp.co.kr
58650,세아홀딩스,서울시 마포구 양화로 45,2001-07-01,"이태성, 김수호",02-6970-0110,http://www.seahholdings.co.kr
13000,세우글로벌,인천시 남구 염전로261번길 26-48(도화동),1978-03-10,안백순,032-868-1100,http://www.sewoo21.co.kr
91090,세원이앤씨,경상남도 창원시 성산구 공단로 211 -,2006-07-03,김종성,02-2167-9000,http://www.sewoncellontech.com
21820,세원정공,대구시 달서구 달서대로 554,1989-07-20,장제상,053-582-5161,http://www.se-won.co.kr
67830,세이브존I&C,서울시 노원구 한글비석로 57 (하계동),2002-05-07,이상준,032-320-9032,http://www.savezone.co.kr
75580,세진중공업,울산시 울주군 온산읍 당월로 216-18,1999-09-08,최양환,052-231-8000,http://www.sejinheavy.com
68270,셀트리온,인천시 연수구 아카데미로 23,1991-02-27,"기우성, 김형기, 서진석",032-850-5000,http://www.celltrion.com
336370,솔루스첨단소재,전라북도 익산시 서동로 627,2019-10-01,곽근만,031-8039-6301,http://www.solusadvancedmaterials.com
248070,솔루엠,경기도 용인시 기흥구 용구대로 2354 7층(마북동),2015-07-02,전성호,,http://www.solu-m.com
4430,송원산업,울산시 남구 장생포로 83,1965-12-15,김충식,052-273-9841,http://www.songwon.com
126720,수산인더스트리,충청남도 천안시 서북구 천일고3길 47 수산인더스트리,1983-04-16,"한봉섭,정보윤(각자대표)",02-2017-8116,http://www.soosanind.co.kr
17550,수산세보틱스,경기도 화성시 양감면 정문송산로 260,1984-03-12,"양희준, 김병현 (각자대표)",031-352-7733,http://www.soosanheavy.com
53210,케이티스카이라이프,"서울시 마포구 매봉산로 75 DDMC 빌딩  8, 9층",2001-01-12,최영범,02-2003-3000,http://www.ktskylife.co.kr
204210,스타에스엠리츠,"서울특별시 성동구 아차산로 113 9층(성수동2가, 삼진빌딩)",2014-01-10,장정성,02-6253-5911,http://www.starreit.co.kr
26890,스틱인베스트먼트,서울특별시 강남구 테헤란로78길 12 MSA빌딩,1982-06-25,"곽동걸, 강신우",02-3404-7800,http://www.stic.co.kr
134790,시디즈,경기도 평택시 세교산단로 67-20,2010-12-16,"김태은, 우인환 (각자대표)",02-443-1815,http://www.sidiz.com
462870,시프트업,"서울특별시 서초구 서초대로77길 55 4,14,15층(서초동, 에이프로 스퀘어)",2013-12-02,김형태,02-2039-8849,http://shiftup.co.kr
16590,신대양제지,경기도 안산시 단원구 별망로 129,1982-12-17,"권혁홍, 이상천(각자 대표)",031-494-7911,http://www.dygroup.co.kr
29530,신도리코,서울시 성동구 성수이로24길 3,1960-07-07,서동규,02-460-1114,http://www.sindoh.com
4970,신라교역,서울특별시 강동구 고덕비즈밸리로6길 30 -,1967-03-06,김호운,02-3434-9900,http://www.sla.co.kr
11930,신성이엔지,"경기도 과천시 과천대로7길 20 A타워 14층,15층",1979-01-20,이지선,02-6312-1000,http://www.shinsungeng.com
5390,신성통상,서울시 강동구 풍성로 63길 84 (둔촌동),1968-01-11,염태순,02-3709-9000,http://www.ssts.co.kr
4170,신세계,"서울시 중구 소공로 63, 신세계백화점건물 (충무로1가)",1955-12-09,박주형,02-727-1234,http://www.shinsegae.com
35510,신세계I&C,"서울특별시 강남구 테헤란로 231 이스트 24층(역삼동, 센터필드)",1997-04-29,양윤지,02-3397-1234,http://www.shinsegae-inc.com
31430,신세계인터내셔날,"서울특별시 구로구 디지털로34길 43 14층(구로동, 코오롱싸이언스밸리1차)",1980-10-25,"윌리엄 김, 김홍극 (각자대표)",02-6979-1234,http://www.sikorea.co.kr
31440,신세계푸드,"서울시 성동구 성수일로 56, 4층~7층(성수동2가, 백영성수빌딩)",1979-10-11,강승협,02-3397-6000,http://www.shinsegaefood.com
6880,신송홀딩스,서울시 영등포구 여의나루로 53-1,1970-11-05,조갑주,02-780-1400,http://www.singsong.co.kr
5800,신영와코루,서울시 금천구 가산디지털1로 104 (가산동),1968-10-21,"이의평, 이성원",02-818-5114,http://www.shinyoungwacoal.co.kr
1720,신영증권,서울시 영등포구 국제금융로 8길 16 신영증권빌딩,1956-02-25,"원종석, 황성엽",02-2004-9000,http://www.shinyoung.com
9270,신원,서울시 마포구 독막로 328 신원빌딩,1973-09-26,박정주,02-3274-5000,http://www.sw.co.kr
2700,신일전자,충남 천안시 서북구 입장면 연곡길 308,1959-07-14,정윤석,02-6309-7800,http://www.shinil.co.kr
2870,신풍,서울특별시 강남구 압구정로 104 501호,1960-01-06,정학헌,02-2156-7521,http://www.spinc.co.kr
19170,신풍제약,경기도 안산시 단원구 원시로 7(목내동),1962-06-05,유제만,02-2189-3400,http://shinpoong.co.kr
481850,신한글로벌액티브리츠,"서울특별시 중구 세종대로 136 (태평로1가, 파이낸스빌딩) 4층, 6층",2022-03-17,조준우,02-2158-7400,http://shglobalreit.com
404990,신한서부티엔디리츠,"서울특별시 중구 세종대로136 서울파이낸스센터 4층, 6층",2020-01-02,승만호,,http://shsbreit.com
293940,신한알파리츠,"서울특별시 중구 세종대로136 서울파이낸스센터 4층, 6층",2017-12-18,이준구,02-2158-7400,http://www.shalphareit.com
55550,신한지주,"서울시 중구 세종대로9길 20, 대경빌딩 16층",2001-09-01,진옥동,02-6360-3000,http://www.shinhangroup.com
4080,신흥,서울시 중구 청파로 450 (중림동) 신흥빌딩 8층,1964-11-13,이용익,02-6366-2000,http://www.shinhung.co.kr
102280,쌍방울,서울시 중구 퇴계로 390 (무학동),2008-05-02,정운호,02-3485-6000,http://www.sbw.co.kr
4770,써니전자,충북 충주시 목행산단2로 59(목행동),1966-09-15,차상권,043-853-1760,http://www.sunny.co.kr
403550,쏘카,제주특별자치도 제주시 연미길 42 (오라삼동),2011-10-31,박재욱,070-4705-3315,http://www.socar.kr
4920,씨아이테크,서울시 송파구 송파구 양재대로 932 가락몰 업무동 11층 동관,1967-01-17,김대영,02-410-9606,http://www.citech.kr
112610,씨에스윈드,서울특별시 강남구 언주로 723 -,2006-08-17,방성훈,02-6480-1800,http://www.cswind.com
308170,씨티알모빌리티,울산광역시 북구 모듈화산업로 115,1994-01-21,양현철,055-290-0319,http://www.centralmotek.co.kr
8700,아남전자,서울시 구로구 디지털로27가길 27 아남빌딩,1973-04-20,"공동대표 : 유성준, 박준구",02-6424-4700,http://www.aname.co.kr
2790,아모레퍼시픽홀딩스,서울시 용산구 한강대로 100,1945-09-05,"서경배, 이상목",02-6040-5114,http://www.apgroup.com
90430,아모레퍼시픽,서울시 용산구 한강대로 100,2006-06-01,"서경배, 김승환, 이동순",02-709-5114,http://www.apgroup.com
2030,아세아,서울시 강남구 논현로 430 아세아타워빌딩 14층,1957-04-27,"이훈범, 오기호",02-527-6582,http://www.asiaholdings.co.kr
183190,아세아시멘트,서울시 강남구 논현로 430 아세아타워빌딩 14층,2013-10-02,"임경태, 김웅종",02-527-6582,http://www.asiacement.co.kr
2310,아세아제지,서울시 강남구 논현로 430(역삼동),1958-03-12,"유승환, 이현탁",02-527-6882,http://www.asiapaper.co.kr
12170,아센디오,"서울시 강남구 언주로 729 8층(논현동, 마스터스빌딩)",1977-04-21,한승일,,http://ascendio.co.kr
267850,아시아나IDT,"서울특별시 종로구 우정국로 26 에이동 21층, 22층(표시층 23층, 25층) (공평동, 센트로폴리스)",1991-09-02,김응철,02-2195-8571,http://www.asianaidt.com
20560,아시아나항공,"서울시 강서구 오정로 443-83, 아시아나타운",1988-02-17,송보영,02-2669-3114,http://www.flyasiana.com
122900,아이마켓코리아,서울특별시 강남구 삼성로 511 아이콘 삼성,2000-12-08,김학재,02-3708-5678,http://www.imarketkorea.com
10780,아이에스동서,"서울특별시 강남구 학동로 231 6,7,8,9,10층",1975-09-01,"남병옥, 허필식, 배기문",02-3218-6701,http://www.isdongseo.co.kr
139990,아주스틸,경상북도 구미시 산동면 첨단기업로 71,1999-10-29,이현식,054-714-3006,http://ajusteel.co.kr
9320,아진전자부품,전북 정읍시 공단2길 3 (망제동),1973-10-13,"서중호,문종은",063-530-8171,http://www.dwecc.com
1780,알루코,대전시 대덕구 대화로119번길 31(대화동),1956-06-04,박진우,042-605-8300,http://www.alusash.co.kr
18250,애경산업,서울시 마포구 양화로 188,1985-04-25,"채동석, 김상준",02-768-2000,http://www.aekyung.co.kr
161000,애경케미칼,서울특별시 마포구 양화로 188 9층(동교동),2012-09-03,표경원,02-6078-3000,http://www.aekyungchemical.co.kr
11090,에넥스,서울시 서초구 서초대로73길 40(강남오피스텔),1976-03-04,박진규,02-2185-2000,http://www.enex.co.kr
137310,에스디바이오센서,경기도 수원시 영통구 덕영대로 1556번길 16 씨동,2010-12-21,이효근,031-300-0400,http://sdbiosensor.co.kr
5850,에스엘,대구광역시 북구 검단공단로 32,1968-11-07,"이성엽,정문호",053-856-8511,http://www.slworld.com
10580,에스엠벡셀,충남 아산시 도고면 도고면로 48-15,1975-04-11,"유병선, 최세환(각자대표)",041-529-7731,http://www.smbexel.com
12750,에스원,서울시 중구 세종대로7길 25 (순화동),1977-11-28,"남궁범, 하나오카 타쿠로",,http://www.s1.co.kr
23960,에쓰씨엔지니어링,"서울특별시 강서구 공항대로 396 7,8층",1971-01-14,김기웅,02-2167-9090,http://www.sc-eng.com
298690,에어부산,부산시 강서구 유통단지1로 57번가길 6,2007-08-31,정병섭,051-410-0861,http://www.airbusan.com
140910,에이리츠,서울 마포구 공덕동  440 롯데캐슬101-3303,2011-01-04,김종국,02-2077-5800,http://www.khreit.com
78520,에이블씨엔씨,"서울특별시 중구 남대문로 78 7층(명동1가, 타임워크명동빌딩)",2000-01-07,신유정,02-6292-6789,http://www.able-cnc.com
15260,에이엔피,인천광역시 남동구 남동대로 248 (주)에이엔피,1981-01-21,전운관,032-676-9700,http://www.anpcb.co.kr
7460,에이프로젠,"경기도 성남시 중원구 둔촌대로 545 경기도 성남시 중원구 둔촌대로545, 비1층 (상대원동, 한라시그마밸리)",1971-11-15,김재섭,031-782-3433,http://www.aprogen.com
3060,에이프로젠바이오로직스,"서울시 송파구 오금로19길 6, 301(방이동,강호빌딩)",1960-12-03,"김재섭, 김정출",02-561-4011,http://www.aprogen-biologics.com
244920,에이플러스에셋,"서울특별시 강남구 테헤란로4길 14 14층(역삼동, 미림타워)",2007-06-07,"곽근호, 황승목(각자대표)",02-2009-5513,http://www.aplusga.com
278470,에이피알,"서울특별시 송파구 올림픽로 300 36층(신천동, 롯데월드타워앤드롯데월드몰)",2014-10-10,김병훈,070-4667-0454,http://www.apr-in.com
450080,에코프로머티,경상북도 포항시 북구 흥해읍 영일만산단남로75번길 15 에코프로 머티리얼즈,2017-04-26,김병훈,054-720-2200,http://www.ecopromaterials.com
19490,엑시큐어하이트론,경기도 안성시 미양면 마산길 99-13 -,1986-11-10,유앤디,031-670-9100,http://www.hitron.co.kr
36570,엔씨소프트,서울시 강남구 테헤란로 509(삼성동),1997-03-11,"김택진, 박병무 (공동대표)",02-2186-3300,http://www.ncsoft.com
85310,엔케이,부산광역시 강서구 과학산단로 194-11 (주)엔케이,1984-09-07,김광흡,051-204-2211,http://www.nkcf.com
900140,엘브이엠씨,"8th Floor, Centec Tower, 72-74 Nguyen Thi Minh Khai, District 3, HCMC",2009-06-16,"이창엽, 변성현 (각자 대표)",02-6050-7000,http://www.lvmcholdings.net
66970,엘앤에프,대구광역시 달서구 이곡동로 11 주식회사 엘앤에프,2000-07-27,최수안,053-592-7300,http://www.landf.co.kr
97520,엠씨넥스,"서울시 금천구 디지털로 9길 47 (가산동, 한신IT타워 2차 11층)",2004-12-22,민동욱,02-2025-3600,http://www.mcnex.com
484870,엠앤씨솔루션,경상남도 창원시 성산구 완암로 171 (내동),2020-12-01,김병근,055-269-5114,http://www.mncsolution.com
14440,영보화학,충북 청주시 흥덕구 강내면 서부로 230-23,1979-12-11,김태훈,043-249-2000,http://www.youngbo.com
111770,영원무역,서울시 중구 만리재로 159 (만리동2가),2009-07-02,성기학,02-390-6114,http://www.youngone.co.kr
9970,영원무역홀딩스,서울시 중구 만리재로 159 (만리동2가),1974-06-05,성래은,02-390-6114,http://www.youngone.co.kr
3520,영진약품,서울시 송파구 올림픽로35다길 13 (신천동) 국민연금 잠실사옥 2~3층,1962-07-16,이기수,02-2041-8200,http://www.yungjin.co.kr
670,영풍,서울시 강남구 강남대로 542,1949-11-25,김기호,02-519-3314,http://www.ypzinc.co.kr
6740,영풍제지,경기도 평택시 진위면 서탄로 9,1970-07-18,이옥순,031-660-8200,http://www.yp21.co.kr
12280,영화금속,경남 창원시 진해구 남의로 57,1977-06-07,최동윤,055-551-7500,http://www.yeonghwa.co.kr
12160,영흥,충남 보령시 주교면 관창공단길 50,1977-04-20,강근욱,055-239-5500,http://www.youngwire.com
15360,INVENI,서울시 성동구 자동차시장길 23 (용답동),1981-03-05,"구본혁, 이창우",02-1644-3030,http://www.yescoholdings.com
7310,오뚜기,경기도 안양시 동안구 흥안대로 405,1971-06-03,"함영준, 황성만",031-421-2122,http://www.ottogi.co.kr
2630,오리엔트바이오,경기도 성남시 중원구 갈마치로 322,1959-04-16,장재진,031-730-6000,http://www.orientbio.co.kr
271560,오리온,서울시 용산구 백범로90다길 13 (주)오리온,2017-06-01,이승준,02-710-6000,http://www.orionworld.com
1800,오리온홀딩스,서울시 용산구 백범로 90다길 13,1956-07-25,허인철,02-710-6000,http://www.oriongroup.co.kr
5320,온타이드,서울특별시 강남구 논현로 322 6층(역삼동),1967-12-08,우혁주,02-3407-7731,http://www.kd.co.kr
11690,와이투솔루션,경기도 화성시 팔탄면 시청로 971 212호,1976-11-04,강석환,031-350-7400,http://www.y2solution.com
316140,우리금융지주,"서울특별시 중구 소공로 51 (회현동1가, 우리은행본점) 21층",2019-01-11,임종룡,02-2125-2000,http://www.woorifg.com
6980,우성,대전시 대덕구 한밭대로 1027 (오정동),1970-12-30,한재규,042-670-1724,http://www.woosungfeed.co.kr
17370,우신시스템,서울시 영등포구 영등포로 20,1984-02-23,허우영,031-496-6114,http://www.wooshinsys.co.kr
105840,우진,경기도 화성시 동탄면 동부대로 970번길 110,1980-05-13,"이재상, 백승한 각자대표",031-379-3114,http://www.woojininc.com
10400,우진아이엔에스,서울시 서초구 방배로 166 한승빌딩 3층,1975-01-27,홍경모,02-535-7050,http://www.woojini.com
49800,우진플라임,충북 보은군 장안면 우진플라임로 100 본관동,1991-12-17,김익환,043-540-9000,http://www.woojinplaimm.com
16880,웅진,서울특별시 중구 청계천로 24 케이스퀘어 시티,1983-03-21,"윤새봄, 이수영 각자대표",02-2076-4701,http://www.woongjin.co.kr
95720,웅진씽크빅,경기도 파주시 회동길 20,2007-05-09,윤승현,031-956-7000,http://www.wjthinkbig.com
5820,원림,"서울시 서초구 남부순환로 2495, 원림빌딩 9층",1968-10-28,신성엽,02-523-9236,http://www.wonlim.co.kr
10600,웰바이오텍,서울시 강남구 영동대로 106길 17 5층,1975-04-19,김한국,02-6902-1300,http://www.wellbiotec.co.kr
8600,윌비스,충남 천안시 동남구 만남로 76,1973-03-09,"임찬혁, 송주호",041-529-5716,http://www.willbes.com
33270,유나이티드,세종시 전동면 노장공단길 25-23,1987-12-03,강덕영,02-516-3041,http://www.kup.co.kr
14830,유니드,서울시 중구 을지로5길 19 페럼타워 17층,1980-05-10,"정의승, 이우일",02-3709-9500,http://www.unid.co.kr
446070,유니드비티플러스,"서울특별시 중구 서소문로 50 6층(중림동, 센트럴플레이스)",2022-11-02,한상준,02-3709-6600,http://www.unidbtplus.co.kr
910,유니온,서울시 중구 소공로 94 (OCI빌딩 13층),1952-12-06,"이건영, 이우선",02-757-3801,http://www.unioncement.com
47400,유니온머티리얼,대구시 달서구 성서공단남로 151 (월암동),2000-06-30,"김진영, 이우선",053-580-4135,http://www.unionmaterials.com
11330,유니켐,경기도 안산시 단원구 해봉로 38,1979-04-27,김진환,031-491-3751,http://www.uni-chem.net
77500,유니퀘스트,"경기도 성남시 분당구 황새울로 314 (서현동, 유니퀘스트빌딩)",1995-11-25,앤드류김,031-708-9988,http://www.uniquest.co.kr
2920,유성기업,충남 아산시 둔포면 아산밸리동로 22,1960-03-15,류현석(대표이사),02-564-2351,http://www.ypr.co.kr
700,유수홀딩스,"서울특별시 영등포구 여의나루로 60 9층 (여의도동, 포스트타워)",1949-12-23,송영규,02-6716-3000,http://www.eusu-holdings.com
3470,유안타증권,서울특별시 영등포구 국제금융로 39 여의도동 앵커원,1962-06-04,뤄즈펑,02-3770-2000,http://www.yuantakorea.com
72130,유엔젤,경기도 성남시 분당구 황새울로 240번길 3 현대오피스빌딩 10층,1999-07-14,유지원,031-710-6200,http://www.uangel.com
220,유유제약,충북 제천시 바이오밸리1로 94,1941-02-28,"유원상, 박노용(각자대표)",043-652-7981,http://www.yuyu.co.kr
1200,유진증권,"서울시 영등포구 국제금융로 24 (여의도동, 유진그룹빌딩)",1954-05-12,"유창수, 고경모(각자 대표)",02-368-6000,http://www.eugenefn.com
100,유한양행,서울시 동작구 노량진로 74,1926-06-20,대표이사 조욱제,02-828-0181,http://www.yuhan.co.kr
3460,유화증권,서울시 영등포구 국제금융로2길 36 유화증권빌딩,1962-06-02,서태영,02-3770-0100,http://www.yhs.co.kr
8730,율촌화학,"서울시 동작구 여의대방로 112, 도연관 15층 (신대방동)",1973-05-01,"송녹정, 신동윤",02-822-0022,http://www.youlchon.com
8250,이건산업,인천시 미추홀구 염전로 91,1972-12-07,백오현,032-760-0800,http://www.eagon.com
25820,이구산업,경기도 평택시 포승읍 포승공단로 42,1971-01-16,"안월환, 김영길(각자 대표이사)",031-494-2929,http://www.leeku.net
214320,이노션,"서울시 강남구 강남대로 308 (역삼동, 837-36)",2005-05-17,이용우,02-2016-2300,http://www.innocean.com
88260,이리츠코크렙,"서울특별시 강남구 삼성로 511, ㈜코람코자산신탁내(삼성동, 골든타워)",2005-07-26,김영규,02-2251-7379,http://www.koramco.co.kr
139480,이마트,서울특별시 중구 세종대로7길 37 -,2011-05-03,한채양,02-380-9242,http://www.emartcompany.com
457190,이수스페셜티케미컬,서울특별시 서초구 사평대로 84(반포동),2023-05-02,류승호,02-590-6880,http://www.isuspecialtychemical.com
7660,이수페타시스,대구시 달성군 논공읍 논공로 53길 36,1972-02-14,최창복,053-610-0300,http://www.petasys.com
5950,이수화학,서울시 서초구 사평대로 84 이수화학빌딩,1969-01-17,"김동민, 주봉진",02-590-6600,http://www.isuchemical.co.kr
15020,이스타코,"서울시 양천구 오목로 325, 대학빌딩 5층",1980-09-30,"김승제,김동현(각자대표)",02-2643-7922,http://www.e-starco.co.kr
93230,이아이디,"경기도 광주시 곤지암읍 경충대로 425, 3동 4층",2002-06-27,신정희,031-615-5700,http://www.eid21.co.kr
74610,이엔플러스,경기도 화성시 비봉면 현대기아로 818-11,2003-12-03,최용인,031-366-9600,http://www.en3.co.kr
102460,이연제약,"서울특별시 강남구 테헤란로 620 에이동 12층 (대치동, 미래에셋타워)",1964-11-25,"정순옥, 유용환",02-793-5557,http://www.reyonpharm.co.kr
84680,이월드,대구시 달서구 두류공원로 200 (두류동),2005-07-05,"방병순, 민혜정",053-620-0001,http://www.eworld.kr
350520,이지스레지던스리츠,"서울특별시 영등포구 여의공원로 115, 14층",2020-02-03,이승환,02-6959-7418,http://igisresidencereit.com
334890,이지스밸류플러스리츠,"서울특별시 영등포구 여의공원로 115, 세우빌딩 14층",2019-07-16,도병운,,http://www.igisvaluereit.com
760,이화산업,서울특별시 중구 삼일대로 299 (충무로2가),1950-03-29,홍성우,02-2007-5555,http://www.rifa.co.kr
14990,인디에프,서울시 강남구 테헤란로104길 21,1980-09-08,김한수,02-3456-9000,http://www.inthef.co.kr
101140,인바이오젠,서울특별시 강남구 언주로135길 21 2층(논현동),2008-03-12,강지연,02-6978-7183,http://www.inbiogen.co.kr
6490,인스코비,서울특별시 금천구 디지털로 130 남성프라자 613호,1970-02-27,"유인수, 구자갑 (각자 대표이사)",070-4193-4175,http://www.inscobee.co.kr
23800,인지컨트롤스,"경기도 시흥시 군자천로 171 (정왕동, 시화공단2다504)",1978-01-31,"정구용, 정혜승 각자 대표",031-496-1700,http://www.inzi.co.kr
34590,인천도시가스,인천시 서구 백범로 934번길 23,1983-03-07,정진혁,,http://www.icgas.co.kr
129260,인터지스,부산시 중구 충장대로 9번길 52 마린센터빌딩 13층 1301호,1956-02-23,박동호,051-604-3392,http://www.intergis.co.kr
23810,인팩,서울특별시 송파구 백제고분로 450 -,1972-01-24,"최웅선,최장돈",02-3432-3333,http://www.infac.com
249420,일동제약,서울시 서초구 바우뫼로27길 2,2016-08-03,윤웅섭,02-526-3114,http://www.ildong.com
230,일동홀딩스,서울시 서초구 바우뫼로 27길 2,1941-03-14,박대창,02-526-3114,http://www.ildongholdings.co.kr
13360,일성건설,경기도 용인시 기흥구 용구대로2469번길 10 죽전 일성트루엘 B105호,1978-06-23,백종탁,032-429-3270,http://www.ilsungconst.co.kr
3120,일성아이에스,서울시 용산구 원효로 84길 9,1961-02-15,"윤석근, 엄대식, 윤종호(각자대표)",02-3271-8800,http://www.ilsung-ph.co.kr
3200,일신방직,서울시 영등포구 은행로 11(여의도동) 일신빌딩,1951-11-03,김정수,02-3774-0114,http://www.ilshin.co.kr
7110,일신석재,서울시 강동구 성내로 19 서경빌딩 6층,1971-02-26,공동대표 조용철,02-487-9009,http://www.ilshinstone.co.kr
7570,일양약품,경기도 용인시 기흥구 하갈로 110(하갈동),1946-07-01,"김동연, 정유석",031-281-7851,http://www.ilyang.co.kr
8500,일정실업,경기도 안산시 단원구 산성로 21 (초지동),1973-02-26,"고동수, 김철환",031-493-0031,http://www.iljeong.co.kr
81000,일진다이아,충북 음성군 대소면 대금로 157,2004-12-02,이무영,043-879-4800,http://www.iljindiamond.co.kr
20760,일진디스플,충북 음성군 대소면 대금로 157,1994-04-01,이우종,043-879-4747,http://www.iljindisplay.co.kr
103590,일진전기,경기도 화성시 만년로 905-17 (안녕동),2008-07-02,"황수, 유상석(각자 대표)",031-220-0500,http://www.iljinelectric.co.kr
271940,일진하이솔루스,전라북도 완주군 봉동읍 완주산단5로 97-46 일진복합소재 주식회사,2012-11-02,양성모,063-263-1700,http://www.hysolus.co.kr
15860,일진홀딩스,경기도 화성시 만년로 905-17,1982-01-27,허정석,031-220-0500,http://www.iljin.co.kr
226320,잇츠한불,"서울시 강남구 학동로 311 (논현동, 잇츠한불)",2006-02-07,임진성,02-3450-0114,http://www.itshanbul.com
317400,자이에스앤디,서울특별시 중구 퇴계로 173 남산스퀘어 10층,2000-04-08,구본삼,02-6910-7100,http://www.xisnd.com
33240,자화전자,충북 청주시 청원구 북이면 충청대로 1217,1981-04-25,"김상면, 김찬용(각자대표)",043-210-7124,http://www.jahwa.co.kr
950,전방,서울시 서대문구 서소문로21 충정타워빌딩 13층,1953-02-23,조덕현,02-2122-6000,http://www.chonbang.co.kr
79900,전진건설로봇,충청북도 음성군 금왕읍 대금로 1264,1999-11-12,고현국,043-879-2600,http://www.junjin.com
348950,제이알글로벌리츠,"서울특별시 중구 을지로 100 (을지로2가, 파인에비뉴) 비동 21층",2019-10-18,오남수,02-2008-7035,http://jrglobalreit.com
194370,제이에스코퍼레이션,서울특별시 송파구 위례성대로 138 (방이동),1987-12-26,홍재성,02-2040-3400,http://www.jskor.com
25620,제이준코스메틱,서울특별시 용산구 서빙고로51길 52 4층,1975-04-20,손상훈,02-2193-9500,http://www.jayjun.kr
30000,제일기획,서울시 용산구 이태원로 222 제일기획,1973-01-17,김종현,02-3780-2114,http://www.cheil.com
271980,제일약품,"서울시 서초구 사평대로 343 (반포동, 제일약품사옥)",2017-06-01,"성석제, 한상철 (공동대표)",02-549-7451,http://www.jeilpharm.co.kr
1560,제일연마,경북 포항시 남구 대송로101번길 34(장흥동),1974-12-27,"오유인, 오현수, 추헌주 (각자 대표)",054-285-8401,http://www.grinding.co.kr
2620,제일파마홀딩스,서울시 서초구 사평대로 343,1959-03-07,한상철,02-549-7451,http://www.jeilpharm.co.kr
6220,제주은행,제주특별자치도 제주시 1100로 3351 세기빌딩,1969-03-20,이희수,064-720-0200,http://www.e-jejubank.com
89590,제주항공,"제주도 제주시 신대로 64 (연동, 건설공제회관 3층)",2005-01-25,김이배,070-7420-1066,http://www.jejuair.net
4910,조광페인트,부산시 사상구 삼덕로5번길 148 (삼락동),1967-01-16,양성아,051-304-7701,http://www.ckpc.co.kr
4700,조광피혁,"충북 청주시 흥덕구 공단로126번길 97(송정동, 공단2브럭)",1966-08-03,이연석,043-270-5311,http://www.chokwang.co.kr
1550,조비,서울시 서초구 효령로77길 28 동오빌딩 (서초동 1337-4),1955-11-15,이승연,02-3488-5840,http://www.chobi.co.kr
462520,조선내화,전라남도 광양시 산업로 55 태인동 (주)조선내화,2023-07-04,최광철,061-798-8114,http://www.chosunref.co.kr
120030,조선선재,경북 포항시 남구 괴동로 43 (장흥동),2010-01-01,장원영,054-289-8200,http://www.chosunwelding.com
18470,조일알미늄,경북 경산시 진량읍 공단6로 98,1985-09-19,"이영호,성원모",053-856-5252,http://www.choilal.co.kr
2600,조흥,경기도 안산시 단원구 시화로 38 (성곡동),1959-02-11,함영제,031-310-7000,http://www.choheung.co.kr
185750,종근당,서울시 서대문구 충정로 8  종근당빌딩(충정로 3가),2013-11-05,김영주,02-2194-0300,http://www.ckdpharm.com
63160,종근당바이오,서울시 서대문구 충정로 8 (충청로3가),2001-11-13,박완갑,02-2194-0555,http://www.ckdbio.com
1630,종근당홀딩스,서울시 서대문구 충정로 8 종근당빌딩,1956-01-10,최희남,02-6373-0600,http://www.ckd-holdings.com
109070,주성코퍼레이션,충청남도 당진시 시곡로 307,2009-02-25,허용호,070-7563-6333,http://www.conbuzz.co.kr
44380,주연테크,서울특별시 서초구 사임당로 32 2층(서초동),1988-05-10,김희라,02-2122-1000,http://www.jooyon.co.kr
13890,지누스,"경기도 성남시 분당구 야탑로81번길 10, 8층(야탑동, 아미고타워)",1979-03-08,정백재,031-622-1700,http://www.zinus.com
13870,지엠비코리아,경남 창원시 성산구 웅남로 618,1979-03-20,"정세영, 송병영",055-263-2131,http://www.gmb.co.kr
71320,지역난방공사,경기도 성남시 분당구 분당로 368,1985-11-01,정용기,031-780-4114,http://www.kdhc.co.kr
88790,진도,서울시 금천구 가산디지털 1로 75 (가산동),2006-03-03,임병남,02-850-8270,http://www.jindofn.co.kr
3780,진양산업,경상남도 양산시 유산공단7길 42,1963-07-18,최원석,055-382-8981,http://www.cyc1963.com
10640,진양폴리우레탄,경기도 평택시 세교산단로 85번지 (세교동),1975-06-07,최재호,031-657-2545,http://www.chinyangpoly.kr
100250,진양홀딩스,부산광역시 부산진구 새싹로 73,2008-01-07,"양준영, 최창호(각자대표)",051-809-8813,http://www.cyholdings.kr
51630,진양화학,울산시 남구 장생포로 93 (여천동),2001-01-03,임경섭,052-278-0701,http://www.chinyang.co.kr
272450,진에어,서울시 강서구 공항대로 453,2008-01-23,박병률,,http://www.jinair.com
11000,진원생명과학,"서울특별시 영등포구 여의대로 108 20층(여의도동, 파크원NH금융타워(타워2))",1976-01-27,박영근,02-3458-4030,http://www.genels.com
2780,진흥기업,"인천시 연수구 컨벤시아대로 69, 송도밀레니엄 807호",1959-09-03,김태균,032-432-0658,http://www.chinhung.co.kr
9310,참엔지니어링,경기도 용인시 처인구 남사면 형제로 5,1973-10-04,이경희,031-330-8500,http://www.charmeng.com
650,천일고속,부산시 동구 중앙대로 168 (초량동),1949-09-30,박도현,051-254-9111,http://www.chunilexpress.com
12600,청호ICT,경기도 김포시 양촌읍 황금1로 185 3층,1977-10-13,조중환 대표,02-3670-7700,http://www.chunghoict.com
33250,체시스,경북 경산시 진량읍 일연로 528,1989-08-03,"이명곤, 김성광",053-851-8511,http://www.chasys.com
35720,카카오,제주도 제주시 첨단로 242 (영평동),1995-02-16,정신아,,http://www.kakaocorp.com
323410,카카오뱅크,"경기도 성남시 분당구 분당내곡로 131 (백현동, 판교테크원)",2016-01-22,윤호영,02-6288-6000,http://kakaobank.com
377300,카카오페이,경기도 성남시 분당구 판교역로 166 카카오페이판교아지트 B동 15층,2017-04-03,신원근,02-1644-7405,http://www.kakaopay.com
6380,카프로,울산광역시 남구 사평로 126 -,1969-12-30,박성명,02-399-1200,http://www.hcccapro.co.kr
1620,케이비아이동국실업,서울시 용산구 한강대로 350,1955-12-29,김용희,02-754-2961,http://www.kbidongkook.com
29460,케이씨,경기도 안성시 미양면 제2공단3길 30 -,1987-02-16,"고상걸, 권홍빈(각자대표)",031-670-8900,http://www.kct.co.kr
281820,케이씨텍,경기도 안성시 미양면 제2공단3길 12 -,2017-11-01,"양호근, 최동규 (각자 대표)",031-670-8000,http://www.kctech.co.kr
381970,케이카,서울특별시 영등포구 선유로43길 27 3층(양평동3가),2017-11-29,정인국,02-6220-0544,http://www.kcar.com
145270,케이탑리츠,서울특별시 강남구 삼성동 157-4 대천빌딩 5층,2010-11-04,"이명식, 조현만(각자대표)",02-783-5858,http://www.ktopreits.co.kr
417310,코람코더원리츠,"서울특별시 강남구 삼성로 511 (삼성동, 골든타워)",2015-09-15,서길석,02-2073-0482,http://koramcothe1.com
357120,코람코라이프인프라리츠,"서울특별시 강남구 삼성로 511, 4층(삼성동, 골든타워)",2019-12-10,주식회사코람코자산신탁,02-2073-0488,http://www.koramco.co.kr
7810,코리아써키트,경기도 안산시 단원구 강촌로 139번길 9,1972-04-11,장세준,031-491-3061,http://www.kcg.co.kr
3690,코리안리,"서울특별시 중구 청계천로 100 시그니쳐타워 4, 5층 코리안리재보험",1963-03-19,원종규,02-3702-6000,http://www.koreanre.co.kr
192820,코스맥스,경기도 화성시 향남읍 제약공단 2길 46,1992-11-12,"최경, 이병만",031-359-0300,http://www.cosmax.com
44820,코스맥스비티아이,"경기도 성남시 분당구 판교로 255, F동 801호(삼평동,판교이노밸리)",1992-11-12,"허민호, 이병주",031-789-3000,http://www.cosmaxbti.com
5070,코스모신소재,충북 충주시 충주호수로 36 (목행동),1967-05-16,홍동환,043-850-1114,http://www.cosmoamt.com
5420,코스모화학,서울시 서초구 반포대로 43 코스모빌딩 5층,1968-02-12,김두영,052-231-6700,http://www.cosmochem.co.kr
71950,코아스,서울시 영등포구 선유로52길 17,1992-07-24,"민경중, 노병구(각자 대표)",02-2163-6000,http://www.ikoas.com
2020,코오롱,"경기도 과천시 코오롱로 11, 코오롱타워",1957-04-12,"안병덕, 이규호",02-3677-3114,http://www.kolon.com
138490,코오롱ENP,경북 김천시 공단3길 64 (응명동),1996-03-15,김영범,054-420-8371,http://www.kolonplastics.com
3070,코오롱글로벌,경기도 과천시 코오롱로 11,1960-12-28,김정일,02-3677-4406,http://www.kolonglobal.com
450140,코오롱모빌리티그룹,서울특별시 송파구 오금로 132 -,2023-01-02,"강이구, 최현석",02-3705-1125,http://www.kolonmobilitygroup.com
120110,코오롱인더,서울시 강서구 마곡동로 110 코오롱 One&Only 타워,2010-01-05,"허성, 유석진",02-3677-3114,http://www.kolonindustries.com
21240,코웨이,충남 공주시 유구읍 유구마곡사로 136-23,1989-05-02,서장원,041-850-7811,http://www.coway.com
36420,콘텐트리중앙,서울시 강남구 도산대로 156(논현동),1987-09-28,"이중원, 홍정인(각자대표)",02-3015-0540,http://www.contentreej.com
24720,콜마홀딩스,세종시 전의면 덕고개길 12-11,1990-05-15,윤상현,041-862-1057,http://www.kolmarholdings.co.kr
31820,아이티센씨티에스,"경기도 과천시 과천대로12길 117 제이동 801호,802호,901호(갈현동,과천펜타원)",1983-08-18,권창완,02-3289-0114,http://www.comtec.co.kr
192400,쿠쿠홀딩스,경남 양산시 유산공단2길 14 (교동),1978-11-15,구본학,055-380-0734,http://www.cuckoo.co.kr
284740,쿠쿠홈시스,경기도 시흥시 엠티브이북로 349 (정왕동),2017-12-01,구본학,032-457-9000,http://www.cuckoo.co.kr
264900,크라운제과,서울시 용산구 한강대로72길 3 (남영동),2017-03-02,윤석빈,02-791-9123,http://www.crown.co.kr
5740,크라운해태홀딩스,서울시 용산구 한강대로 72길 3 (남영동),1968-09-18,윤석빈,02-791-9133,http://www.crown.co.kr
259960,크래프톤,서울특별시 강남구 테헤란로 231,2007-03-26,김창한,031-698-3311,http://www.krafton.com
20120,키다리스튜디오,서울특별시 성동구 연무장11길 8 성수2가 273-50,1987-07-29,"허흥범, 박건원 (각자대표)",02-6320-8500,http://www.kidaristudio.com
39490,키움증권,서울특별시 영등포구 의사당대로 96 TP타워(사학연금 서울회관),2000-01-31,엄주성,02-3787-5000,http://www.kiwoom.com
14580,태경비케이,서울시 강서구 공항대로 467(등촌동) 송원빌딩 6층,1980-01-22,"김민정, 정구일, 박충기 (각자 대표)",02-3661-8018,http://www.bkmp.co.kr
15890,태경산업,"서울시 강서구 공항대로 467, 4층(등촌동, 송원빌딩)",1982-02-15,"김해련, 박충기, 김민정 (각자 대표)",031-206-0071,http://www.taekyung.co.kr
6890,태경케미컬,서울시 강서구 공항대로 467 (등촌동),1970-11-11,박기환,02-3661-8011,http://www.taekyungchem.co.kr
3240,태광산업,서울시 중구 동호로 310 (장충동2가),1961-09-15,유태호,02-3406-0290,http://www.taekwang.co.kr
11280,태림포장,경기도 시흥시 공단1대로 379번안길 74,1976-04-12,이복진,031-499-3333,http://www.tailim.com
4100,태양금속공업,경기도 안산시 단원구 해봉로 212 (성곡동),1964-12-24,"한우삼, 한하워드성",031-490-5500,http://www.taeyangmetal.com
9410,태영건설,경기도 광명시 신기로 20 -,1973-11-20,"최금락, 최진국 (각자대표)",031-910-6999,http://www.taeyoung.com
1420,태원물산,서울시 강남구 테헤란로 86길 14 (대치동),1955-01-11,남기영,02-555-4301,http://www.twms.co.kr
55490,테이팩스,"경기도 수원시 영통구 대학4로 17 제8층 812호, 813호(이의동, 에이스광교타워 1차)",1994-04-15,허지행,031-8047-4100,http://www.tapex.co.kr
78000,텔코웨어,서울시 서초구 법원로 3길 20-7 (서초동),2000-01-11,"금한태, 배성 (각자 대표)",02-2105-9800,http://www.telcoware.com
214420,토니모리,"서울시 서초구 남부순환로 2557 (서초동, 토니모리빌딩)",2006-07-26,김승철,02-593-3191,http://www.tonymoly.com
19180,티에이치엔,대구시 달서구 갈산동 성서로71길 43 (갈산동),1986-07-23,"이광연, 채승훈",053-583-3001,http://www.th-net.co.kr
363280,티와이홀딩스,"서울특별시 영등포구 여의공원로 111, 10층(여의도동)",2020-09-01,오동헌,02-2090-6613,http://ty-holdings.co.kr
91810,티웨이항공,대구광역시 중구 동덕로 167 케이티대구타워 신관 10층 (동인동2가),2010-08-16,정홍근,02-6250-5900,http://www.twayair.com
4870,티웨이홀딩스,"서울시 성동구 아차산로 153, 7층 (성수동 2가, 예림출판문화센터)",1945-10-10,황정현,02-2056-9800,http://www.twayholdings.com
34230,파라다이스,서울특별시 중구 퇴계로 299 파라다이스빌딩,1972-04-27,최종환,02-2280-5000,http://www.paradise.co.kr
5690,파미셀,"서울시 강남구 언주로 874, 7층(신사동, 쌍봉빌딩)",1968-08-20,김현수,02-3496-0114,http://www.pharmicell.com
36580,팜스코,경기도 안성시 미양면 제2공단4길 33,1999-10-01,정학상,,http://www.farmsco.com
4720,팜젠사이언스,경기도 화성시 향남읍 제약공단2길 50,1966-08-22,김혜연 박희덕(각자),02-2194-3532,http://www.pharmgenscience.com
28670,팬오션,"서울시 종로구 종로5길 7, Tower8",1966-05-28,"김홍국, 안중호(각자 대표이사)",02-316-5114,http://www.panocean.com
10820,퍼스텍,경남 창원시 성산구 남면로 485,1975-09-25,손경석,055-212-1606,http://www.firsteccom.co.kr
16800,퍼시스,서울시 송파구 오금로 311 (오금동),1983-03-11,"배상돈,박광호",02-443-9999,http://www.fursys.com
1020,페이퍼코리아,전북 군산시 외항로 1245,1953-06-06,권육상,063-440-5000,http://www.papercorea.co.kr
90080,평화산업,대구시 달성군 논공읍 논공로 597,2006-05-02,"황순용, 김주영",053-610-7027,http://www.ph.co.kr
10770,평화홀딩스,대구시 달성군 논공읍 논공로 597,1950-10-30,"황순용, 김주영",053-610-8500,http://www.ph.co.kr
22100,포스코DX,경북 포항시 남구 호동로 68,1989-11-15,심민석,054-280-1114,http://www.poscoict.com
58430,포스코스틸리온,경북 포항시 남구 철강로 173 (장흥동),1988-02-15,대표 사장 천시열,054-280-6114,http://www.poscosteeleon.com
47050,포스코인터내셔널,서울특별시 강남구 테헤란로 440 포스코센터,2000-12-27,대표 사장 이계인,02-759-2114,http://www.poscointl.com
3670,포스코퓨처엠,경북 포항시 남구 신항로 110 (주)포스코켐텍,1971-05-13,엄기천,054-290-0114,http://www.poscofuturem.com
17810,풀무원,충북 음성군 대소면 삼양로 730-27,1984-05-31,이우봉,043-879-4500,http://www.pulmuone.kr
103140,풍산,경기도 평택시 포승읍 평택항로156번길 134,2008-07-04,"류진, 박우동",02-3406-5114,http://www.poongsan.co.kr
5810,풍산홀딩스,인천시 계양구 아나지로 156 효성동 (주)풍산홀딩스,1968-10-22,박우동,02-2278-6700,http://www.poongsanhc.co.kr
950210,프레스티지바이오파마,21 BIOPOLIS ROAD #04-24 NUCLEOS SINGAPORE (138567) -,2015-07-13,박소연,070-4124-6152,http://www.prestigebiopharma.com
9810,플레이그램,서울시 강남구 삼성로648 4층 삼성동,1974-04-17,"김재욱, 선영",02-6000-7800,http://www.playgram.co.kr
86790,하나금융지주,서울시 중구 을지로 66(을지로 2가),2005-12-01,함영주,02-2002-1110,http://www.hanafn.com
293480,하나제약,경기도 화성시 향남읍 제약단지로 13-39,1978-01-19,최태홍,02-559-5749,http://www.hanaph.co.kr
39130,하나투어,서울시 종로구 인사동5길 41 (주)하나투어,1993-10-25,송미선,02-2127-1000,http://www.hanatour.com
352820,하이브,서울특별시 용산구 한강대로 42 용산트레이드센터,2005-02-01,이재상,02-3444-0105,http://hybecorp.com
71090,하이스틸,충남 당진시 송악읍 부곡공단4길 28-252,2003-01-01,엄정근,02-2273-2140,http://www.histeel.co.kr
80,하이트진로,서울시 강남구 영동대로 714,1954-06-15,김인규,02-3219-0114,http://www.hitejinro.com
140,하이트진로홀딩스,서울시 강남구 영동대로 714 (청담동),1933-08-09,김인규,02-520-3112,http://www.hitejinroholdings.com
152550,한국ANKOR유전,,,,,https://www.selenium.dev/documentation/webdriver/troubleshooting/errors#no-such-element-exception
36460,한국가스공사,대구시 동구 첨단로120 (신서동),1983-08-18,최연혜,053-670-0114,http://www.kogas.or.kr
5430,한국공항,서울시 강서구 양천로 13,1968-02-20,이수근,02-2660-3114,http://www.kas.co.kr
71050,한국금융지주,서울시 영등포구 의사당대로 88,2003-01-11,김남구,02-3276-6400,http://www.koreainvestment.com
10040,한국내화,충남 당진시 송산면 무수들길 370,1976-03-13,변성희,041-359-2200,http://www.fskrc.co.kr
25540,한국단자공업,인천시 연수구 갯벌로 38 (송도동),1973-04-20,"이창원,이원준",032-814-9981,http://www.ket.com
10100,한국무브넥스,울산시 동구 미포1길 2 (동부동),1974-07-15,이현덕,052-233-5511,http://www.kofco.com
4090,한국석유공업,서울시 용산구 이촌로 166,1964-12-11,"강승모,송상호(각자 대표)",02-799-3114,http://www.koreapetroleum.com
2200,한국수출포장공업,서울시 서초구 서초중앙로63 리더스빌딩 4층,1957-11-21,"허용삼, 허정훈(각자대표이사)",02-525-2981,http://www.keppack.co.kr
2960,한국쉘석유,부산시 남구 신선로 250 (용당동),1960-07-05,이승봉,051-620-5133,http://www.shell.co.kr
240,한국앤컴퍼니,경기도 성남시 분당구 판교로 286,1941-05-10,"조현범, 박종호(각자 대표)",02-2222-1000,http://www.hankookandcompany.com
123890,한국자산신탁,"서울시 강남구 테헤란로 306 (역삼동, 카이트타워)",2001-03-20,김규철,02-2112-6300,http://www.kait.com
15760,한국전력공사,전남 나주시 전력로 55,1961-07-01,김동철,061-345-3114,http://www.kepco.co.kr
6200,한국전자홀딩스,서울시 서초구 마방로 10길 5,1969-09-09,박 명 덕,02-3497-5535,http://www.kecholdings.co.kr
27970,한국제지,울산광역시 울주군 온산읍 원산로 40 한국제지 온산공장,1984-07-16,안재호,053-603-0600,http://www.seha.co.kr
23350,한국종합기술,경기도 하남시 덕풍동로 111-21 (덕풍동),1963-03-09,김한영,031-735-4555,http://www.kecc.co.kr
25890,한국주강,경상남도 함안군 법수면 장백로 585,1987-08-26,하만규,055-585-7001,http://www.hascokorea.co.kr
970,한국주철관공업,부산시 사하구 을숙도대로 525,1953-04-27,"김태형, 이창훈, 김영훈 (각자대표제)",051-291-5481,http://www.kcip.co.kr
104700,한국철강,경남 창원시 성산구 공단로103번길 12,2008-09-03,"문종인, 이수하",055-260-0500,http://www.kisco.co.kr
17960,한국카본,경남 밀양시 부북면 춘화로 85,1984-09-17,"조문수, 이명화 공동대표이사",055-350-8888,http://www.hcarbon.com
161890,한국콜마,세종시 전의면 덕고개길 12-11,2012-10-02,최현규,044-862-8490,http://www.kolmar.co.kr
161390,한국타이어앤테크놀로지,경기도 성남시 분당구 판교로 286,2012-09-01,"안종선, 이상훈(공동대표)",02-2222-1000,http://www.hankooktire.com
34830,한국토지신탁,서울특별시 강남구 테헤란로 137 코레이트타워,1996-04-04,"최윤성, 김성진",02-3451-1100,http://www.koreit.co.kr
7280,한국특강,경상남도 함안군 칠서면 공단동길 98 -,1971-05-18,박성우,051-323-2611,http://www.ekosco.com
168490,한국투자패러랠유전해외자원개발특별자산투자회사1호(지분증권),,,,,https://www.selenium.dev/documentation/webdriver/troubleshooting/errors#no-such-element-exception
47810,한국항공우주,경남 사천시 사남면 공단1로 78,1999-12-14,강구영,055-851-1000,http://www.koreaaero.com
123690,한국화장품,서울시 종로구 청계천로 35 (서린동),2010-05-03,이용준,02-724-3114,http://www.ihkcos.co.kr
3350,한국화장품제조,서울시 종로구 청계천로 35 (서린동),1962-03-21,이용준,02-724-3710,http://www.hkcosm.com
11500,한농화성,전북 군산시 외항1길 24,1976-07-10,"김응상, 경상호",063-462-2455,http://www.hannong.co.kr
2390,한독,서울시 강남구 테헤란로 132,1954-04-27,"김영진, 백진기",02-527-5114,http://www.handok.co.kr
53690,한미글로벌,서울시 강남구 테헤란로87길 36 도심공항타워 9층,1996-06-18,"윤요현, 박서영",02-3429-6300,http://www.hanmiglobal.com
42700,한미반도체,인천시 서구 가좌로30번길 14(가좌동),1980-12-24,곽동신,032-571-9100,http://www.hanmisemi.com
8930,한미사이언스,경기도 화성시 팔탄면 무하로 214 한미약품(주) 팔탄공단,1973-06-15,김재교,02-410-9114,http://www.hanmiscience.co.kr
128940,한미약품,경기도 화성시 팔탄면 무하로 214,2010-07-05,박재현,02-410-9114,http://www.hanmi.co.kr
9240,한샘,경기도 안산시 단원구 번영2로 144,1973-09-12,김유진(대표집행임원),02-6470-3114,http://company.hanssem.com
20000,한섬,서울시 강남구 도산대로 523 (청담동),1987-05-25,김민덕,02-3416-2000,http://www.handsome.co.kr
3680,한성기업,부산시 영도구 태종로 63 (대교동1가),1963-03-14,"임우근, 임준호",051-410-7100,http://www.hsep.com
105630,한세실업,서울시 영등포구 은행로 29 정우빌딩 5층,2009-01-06,"김익환, 김경",02-3779-0779,http://www.hansae.com
69640,한세엠케이,서울시 강남구 논현로 633 MK빌딩,1995-03-31,"김지원, 임동환(각자 대표)",02-2142-5000,http://www.hansaemk.com
16450,한세예스24홀딩스,"서울시 영등포구 은행로 30, 중소기업중앙회 6층",1982-11-18,"김동녕, 김석환",02-3779-0800,http://www.hansaeyes24.com
10420,한솔피엔에스,"서울시 중구 퇴계로 213, 5층(충무로4가, 일흥빌딩)",1975-02-04,"홍성민, 김형준(각자대표)",02-6005-4534,http://www.hansolpns.com
9180,한솔로지스틱스,서울시 중구 을지로 100 파인애비뉴 B동 22층,1973-08-14,고정한,02-3287-7400,http://www.hansollogistics.com
213500,한솔제지,서울시 중구 을지로 100 파인에비뉴 B동 23 ~ 24층 (을지로2가),2015-01-02,한경록,02-3287-6040,http://www.hansolpaper.co.kr
14680,한솔케미칼,"서울시 강남구 테헤란로 513 K Tower 7,8층",1980-03-13,박원환,02-2152-2326,http://www.hansolchemical.com
4710,한솔테크닉스,서울시 중구 을지로 100,1966-08-30,유경준,02-3287-7902,http://www.hansoltechnics.com
4150,한솔홀딩스,서울시 중구 을지로 100 파인애비뉴 B동 24층,1965-01-19,이명길,02-3287-6875,http://www.hansol.com
25750,한솔홈데코,"서울시 동작구 보라매로5길 15, 전문건설회관 27층",1991-12-27,김경록,02-3284-3881,http://www.hansolhomedeco.co.kr
4960,한신공영,경기도 용인시 처인구 백암면 덕평로 82,1967-02-24,"최문규,전재식(각자 대표)",02-3393-3114,http://www.hanshinc.com
11700,한신기계공업,경기도 안산시 단원구 해봉로 330번길 23 (신길동),1969-09-08,최영민,031-491-3911,http://www.hanshin.co.kr
1750,한양증권,서울시 영등포구 국제금융로 6길 7 (여의도동),1956-03-27,임재택,02-3770-5000,http://www.hygood.co.kr
18880,한온시스템,대전시 대덕구 신일서로 95 (신일동),1986-03-11,대표 이수일,042-930-6114,http://www.hanonsystems.com
9420,한올바이오파마,대전시 대덕구 상서당1길 43 (상서동),1973-11-20,"정승원,박수진(공동대표)",042-932-5997,http://www.hanall.co.kr
14130,한익스프레스,경기도 화성시 양감면 초록로 103,1979-05-15,유인철,02-3400-5474,http://www.hanex.co.kr
300720,한일시멘트,서울특별시 서초구 효령로 275,2018-07-02,"전근식, 오해근",02-531-7000,http://www.hanilcement.com
2220,한일철강,서울시 중구 퇴계로27길 28 한영빌딩 9층,1957-12-05,엄정헌,02-2267-6161,http://www.hanilsteel.co.kr
6390,한일현대시멘트,서울특별시 서초구 효령로 275,1969-12-30,"전근식, 오해근",02-520-2114,http://www.hanilhdcement.com
3300,한일홀딩스,서울특별시 서초구 효령로 275,1961-12-28,"허기호, 박지훈",02-531-7000,http://www.hanil.com
51600,한전KPS,전남 나주시 문화로 211 (빛가람동 377),1984-03-27,김홍연,061-345-0114,http://www.kps.co.kr
52690,한전기술,경북 김천시 혁신로 269 (율곡동),1975-10-01,김태균,031-289-3114,http://www.kepco-enc.com
130660,한전산업,서울시 중구 서소문로 115 한산빌딩,1990-04-11,함흥규,02-2250-2700,http://www.kepid.co.kr
2320,한진,서울시 중구 남대문로 63 (남대문로2가),1958-03-10,노삼석,02-728-5114,http://www.hanjin.co.kr
3480,한진중공업홀딩스,경기도 남양주시 별내3로 391 관리동 1층,1937-07-10,조원국,051-410-3114,http://www.hhic-holdings.com
180640,한진칼,서울특별시 중구 서소문로 117 -,2013-08-01,"조원태, 류경표",02-726-6166,http://www.hanjinkal.co.kr
5110,한창,"부산시 연제구 중앙대로1043번길 50, 4층(연산동)",1967-07-10,이동우,02-850-6500,http://www.hanchang.co.kr
9460,한창제지,경남 양산시 웅상대로 1564 (용당동),1973-12-06,"KIM JOONYOUNG, 이상무 각자대표",055-370-2000,http://www.hanchangpaper.co.kr
372910,한컴라이프케어,경기도 용인시 처인구 양지면 중부대로1960번길 53,1996-12-30,김선영,031-5183-9021,http://www.hancomlifecare.com
880,한화,"서울시 중구 청계천로 86, 24층(장교동)",1952-10-28,"김동관, 김승모, 양기원",02-729-1114,http://www.hanwhacorp.co.kr
452260,한화갤러리아,"서울특별시 영등포구 63로 50 63한화생명빌딩 11층, 12층",2023-03-02,김영훈,02-410-7114,http://www.hanwhagalleria.co.kr
451800,한화리츠,"서울특별시 영등포구 63로 50 53층(여의도동,63한화생명빌딩)",2022-05-10,한화자산운용(주),02-6950-0000,http://www.hanwhareit.com
489790,한화비전,경기도 성남시 분당구 판교로319번길 6,2024-09-02,김기철,070-7147-8880,http://www.hanwhavision.com
88350,한화생명,서울시 영등포구 63로50 (여의도동 한화금융센터 63),1946-09-09,여승주,,http://www.hanwhalife.com
370,한화손해보험,서울시 영등포구 여의대로 56 (여의도동),1946-04-01,나채범,,http://www.hwgeneralins.com
9830,한화솔루션,서울시 중구 청계천로 86 한화빌딩,1974-04-27,"남정운, 홍정권, 김동관",02-729-2700,http://www.hanwhasolutions.com
272210,한화시스템,경상북도 구미시 1공단로 244,2000-01-11,손재일,02-729-4605,http://www.hanwhasystems.com
12450,한화에어로스페이스,경남 창원시 성산구 창원대로 1204 (성주동),1977-08-01,"김동관, 손재일, Michael Coulter",055-260-2114,http://www.hanwhaaerospace.com
82740,한화엔진,경남 창원시 성산구 공단로 67(신촌동),1999-12-30,유문기,055-260-6000,http://www.hanwha-engine.com
42660,한화오션,경남 거제시 거제대로 3370 (아주동),2000-10-23,김희철,055-735-2114,http://www.hanwhaocean.com
3530,한화투자증권,서울시 영등포구 여의대로 56 한화증권빌딩,1962-07-19,한두희,02-3772-7000,http://www.hanwhawm.com
195870,해성디에스,경남 창원시 성산구 웅남로 726,2014-04-17,최영식,070-4761-0000,http://www.haesungds.co.kr
101530,해태제과식품,충남 천안시 서북구 성거읍 천흥8길 67-26,2001-07-11,"신정훈, 이상진(각자대표)",02-709-7448,http://www.ht.co.kr
143210,핸즈코퍼레이션,인천시 서구 가정로37번길 50,1972-03-03,"승현창, 박세진(각자대표)",032-870-9523,http://www.handscorp.co.kr
720,현대건설,서울시 종로구 율곡로 75 현대건설빌딩,1950-01-10,이한우,02-746-1114,http://www.hdec.kr
453340,현대그린푸드,경기도 용인시 수지구 문인로 30 현대그린푸드,2023-03-02,박홍진,031-525-2097,http://www.hyundaigreenfood.com
86280,현대글로비스,서울특별시 성동구 왕십리로 83-21,2001-02-22,이규복,02-6191-9114,http://www.glovis.net
64350,현대로템,경남 창원시 의창구 창원대로 488,1999-07-01,이용배,055-273-1341,http://www.hyundai-rotem.co.kr
79430,현대리바트,경기도 용인시 처인구 남사면 경기동로 316,1999-06-10,윤기철,02-3480-8000,http://www.hyundailivart.co.kr
12330,현대모비스,서울시 강남구 테헤란로 203,1977-07-01,"정의선, 이규석",02-2018-5114,http://www.mobis.co.kr
69960,현대백화점,서울특별시 강남구 테헤란로98길 12,2002-11-01,"정지선, 정지영 (각자대표)",02-549-2233,http://www.ehyundai.com
4560,현대비앤지스틸,경남 창원시 성산구 적현로 124,1966-04-07,"정일선,이선우(각자 대표이사)",055-268-4114,http://www.hyundai-bngsteel.com
4310,현대약품,충남 천안시 동남구 풍세면 잔다리길 55,1965-07-16,이상준,041-570-5114,http://www.hyundaipharm.co.kr
17800,현대엘리베이터,충청북도 충주시 충주산단1로 128 현대엘리베이터 -,1984-05-23,조재천,031-644-5114,http://www.hyundaielevator.co.kr
307950,현대오토에버,서울특별시 강남구 테헤란로 510 루첸타워,2000-04-10,김윤구,02-6296-6000,http://www.hyundai-autoever.com/
11210,현대위아,경남 창원시 성산구 정동로 153,1976-03-29,김경배,055-280-9114,http://www.hyundai-wia.com
4020,현대제철,인천시 동구 중봉대로 63,1964-09-01,서강현,032-760-2114,http://www.hyundai-steel.com
5440,현대지에프홀딩스,서울특별시 강남구 테헤란로98길 12 13층,1968-02-27,"정지선, 장호진 (각자 대표)",031-525-2233,http://www.hyundaigfholdings.co.kr
5380,현대자동차,서울시 서초구 헌릉로 12 (양재동),1967-12-29,"정의선, 장재훈, 이동석(각자 대표)",02-3464-1114,http://www.hyundai.com
1500,현대차증권,서울특별시 영등포구 국제금융로2길 28 현대차증권,1955-07-26,배형근,02-3787-2114,http://www.hmsec.com
11760,현대코퍼레이션,서울시 종로구 율곡로2길 25 연합미디어센터빌딩 16층,1976-12-08,"정몽혁, 김원갑, 장안석(각자대표이사)",02-390-1114,http://www.hyundaicorp.co.kr
227840,현대코퍼레이션홀딩스,서울시 종로구 율곡로2길 25,2015-10-02,"정몽혁, 김원갑, 권철호",02-390-1568,http://www.hyundaicorpholdings.com
126560,현대퓨처넷,"서울특별시 서초구 반포대로 19 (서초동, 현대퓨처넷빌딩)",1992-03-16,김성일,02-3450-2233,http://www.hyundaifuturenet.co.kr
1450,현대해상,서울시 종로구 세종대로 163 현대해상화재보험빌딩,1955-03-05,이석현,,http://www.hi.co.kr
57050,현대홈쇼핑,서울시 강동구 올림픽로 70길 34,2001-05-29,"정교선, 한광영(각자 대표)",02-2143-2000,http://www.hyundaihmall.com
93240,형지엘리트,"인천광역시 연수구 하모니로177번길 49 업무동 10층(송도동, 형지글로벌 패션복합센터)",2002-04-25,최준호,02-3279-8015,http://www.hyungji-elite.com
3010,혜인,서울시 서초구 동산로 86 혜인빌딩,1960-10-17,원경희,02-3498-4500,http://www.haein.com
111110,호전실업,"서울시 마포구 마포대로 19 (마포동, 신화빌딩) 11~12층",1985-03-18,"박용철, 박진호",02-710-5031,http://www.hojeon.com
8770,호텔신라,서울시 중구 동호로 249,1973-05-09,이부진,02-2233-3131,http://www.hotelshilla.net
378850,화승알앤에이,경상남도 양산시 충렬로 61,2021-03-03,김형진,055-370-3331,http://www.hsrna.com
241590,화승엔터프라이즈,"부산시 연제구 중앙대로 1079, 6층(연산동, 장천빌딩)",2015-11-17,이계영,02-588-8042,http://www.hsenterprise.co.kr
6060,화승인더스트리,부산시 연제구 중앙대로 1079 장천빌딩 6층 (연산동),1969-05-07,현석호,051-311-0081,http://www.hsi.co.kr
13520,화승코퍼레이션,부산광역시 연제구 중앙대로 1079 -,1978-09-15,"허성룡,현지호",055-370-3331,http://www.hscorp.com
10690,화신,경북 영천시 도남공단길 94-2,1975-07-01,"정서진, 장의호",054-330-5400,http://www.hwashin.co.kr
133820,화인베스틸,경남 창녕군 창녕읍 창밀로 259-33,2007-10-01,장재훈,055-259-2000,http://www.finebesteel.com
10660,화천기계,"서울시 서초구 방배로 46 (방배동, 화천기계빌딩)",1975-06-14,"권형석, 권형운 (공동대표)",02-523-7766,http://www.hwacheon.com
850,화천기공,광주시 광산구 하남산단4번로 123-17 (장덕동),1977-10-12,"권형석, 권형도(공동대표)",062-950-1511,http://www.hwacheon.com
16580,환인제약,"서울시 송파구 법원로6길 11 (문정, 환인빌딩)",1982-12-16,"이광식, 이원범",02-405-3000,http://www.whanin.com
32560,황금에스티,경기도 안산시 단원구 엠티브이1로 25,1986-08-24,김종현,031-363-8000,http://www.hwangkum.com
4800,효성,서울시 마포구 마포대로 119 (공덕동),1966-11-03,"조현준, 황윤언",02-707-7000,http://www.hyosung.com
94280,효성 ITX,서울시 영등포구 선유동2로 57 이레빌딩 15층,1997-05-09,"남경환, 홍혜진(각자대표)",02-2102-8400,http://www.hyosungitx.com
298040,효성중공업,서울시 마포구 마포대로 119,2018-06-04,우태희,02-707-7000,http://www.hyosungheavyindustries.com
298020,효성티앤씨,서울시 마포구 마포대로 119,2018-06-04,김치형,02-707-7000,http://www.hyosungtnc.com
298000,효성화학,서울시 서초구 반포대로 235,2018-06-04,이건종,02-707-7000,http://www.hyosungchemical.com
93370,후성,경기도 화성시 팔탄면 현대기아로 72-37,2006-11-24,김용민,031-627-4322,http://www.foosungchem.com
81660,미스토홀딩스,"서울특별시 성북구 보문로 35 9층, 10층",1991-07-23,윤근창,02-523-6100,http://www.filaholdings.com
5870,휴니드테크놀러지스,인천시 연수구 벤처로 87,1968-12-11,김유진,032-457-6000,http://www.huneed.com
79980,휴비스,"서울시 강남구 학동로 343, POBA강남타워 12층",2000-11-01,김석현,02-2189-4567,http://www.huvis.com
5010,휴스틸,"서울시 강남구 테헤란로 512, 14층 (대치동, 신안빌딩)",1967-04-18,"박훈, 윤형원(각자 대표)",02-828-9000,http://www.husteel.com
540,흥국화재,서울시 종로구 새문안로 68,1948-03-15,송윤상,02-2002-6000,http://www.heungkukfire.co.kr
3280,흥아해운,"서울특별시 중구 청계천로 8 (무교동, 프리미어플레이스빌딩) 5층",1961-12-08,이환구,02-3449-3000,http://www.heung-a.com
